{"contributors":null,"truncated":false,"text":"#SydneySiege: Latest video of hostages escaping.\nhttps:\/\/t.co\/eFfgSbt2hO","in_reply_to_status_id":null,"id":544514570367168512,"favorite_count":111,"source":"<a href=\"http:\/\/twitter.com\" rel=\"nofollow\">Twitter Web Client<\/a>","retweeted":false,"coordinates":null,"entities":{"user_mentions":[],"symbols":[],"trends":[],"hashtags":[{"indices":[0,12],"text":"SydneySiege"}],"urls":[{"url":"https:\/\/t.co\/eFfgSbt2hO","indices":[49,72],"expanded_url":"https:\/\/amp.twimg.com\/v\/0db8b7fb-eccf-474e-be8e-164c5f55183b","display_url":"amp.twimg.com\/v\/0db8b7fb-ecc\u2026"}]},"in_reply_to_screen_name":null,"id_str":"544514570367168512","retweet_count":293,"in_reply_to_user_id":null,"favorited":false,"user":{"follow_request_sent":null,"profile_use_background_image":true,"default_profile_image":false,"id":1367531,"verified":true,"profile_image_url_https":"https:\/\/pbs.twimg.com\/profile_images\/1296339574\/foxnews-avatar_normal.png","profile_sidebar_fill_color":"F4F4F4","profile_text_color":"000000","followers_count":4636479,"profile_sidebar_border_color":"FFFFFF","id_str":"1367531","profile_background_color":"0E2331","listed_count":44437,"profile_background_image_url_https":"https:\/\/pbs.twimg.com\/profile_background_images\/414488415\/xyz123abc.jpg","utc_offset":-18000,"statuses_count":188583,"description":"America\u2019s Strongest Primetime Lineup Anywhere! Follow America's #1 cable news network, delivering you breaking news, insightful analysis, and must-see videos.","friends_count":382,"location":"U.S.A.","profile_link_color":"183A52","profile_image_url":"http:\/\/pbs.twimg.com\/profile_images\/1296339574\/foxnews-avatar_normal.png","following":null,"geo_enabled":false,"profile_banner_url":"https:\/\/pbs.twimg.com\/profile_banners\/1367531\/1398278164","profile_background_image_url":"http:\/\/pbs.twimg.com\/profile_background_images\/414488415\/xyz123abc.jpg","name":"Fox News","lang":"en","profile_background_tile":false,"favourites_count":8,"screen_name":"FoxNews","notifications":null,"url":"http:\/\/www.foxnews.com","created_at":"Sat Mar 17 19:01:26 +0000 2007","contributors_enabled":false,"time_zone":"Eastern Time (US & Canada)","protected":false,"default_profile":false,"is_translator":false},"geo":null,"in_reply_to_user_id_str":null,"possibly_sensitive":false,"lang":"en","created_at":"Mon Dec 15 15:29:24 +0000 2014","filter_level":"low","in_reply_to_status_id_str":null,"place":null}