{"contributors":null,"truncated":false,"text":"The Sydney cafe siege may be part of a larger plot. @Y7News #MartinPlaceSiege http:\/\/t.co\/f2aTNEpjmh http:\/\/t.co\/DE4IBxv73K","in_reply_to_status_id":null,"id":544310853613281281,"favorite_count":55,"source":"<a href=\"https:\/\/about.twitter.com\/products\/tweetdeck\" rel=\"nofollow\">TweetDeck<\/a>","retweeted":false,"coordinates":null,"entities":{"symbols":[],"user_mentions":[{"id":63362429,"indices":[52,59],"id_str":"63362429","screen_name":"Y7News","name":"7News Yahoo!7 "}],"hashtags":[{"indices":[60,77],"text":"MartinPlaceSiege"}],"urls":[{"url":"http:\/\/t.co\/f2aTNEpjmh","indices":[78,100],"expanded_url":"http:\/\/au.news.yahoo.com\/video\/watch\/25773418\/attack-may-be-apart-of-larger-plot\/?cmp=twitter","display_url":"au.news.yahoo.com\/video\/watch\/25\u2026"}],"media":[{"expanded_url":"http:\/\/twitter.com\/7NewsSydney\/status\/544310853613281281\/photo\/1","display_url":"pic.twitter.com\/DE4IBxv73K","url":"http:\/\/t.co\/DE4IBxv73K","media_url_https":"https:\/\/pbs.twimg.com\/media\/B43H1b9CMAAiEI8.jpg","id_str":"544310850832445440","sizes":{"large":{"h":238,"resize":"fit","w":423},"small":{"h":190,"resize":"fit","w":340},"medium":{"h":238,"resize":"fit","w":423},"thumb":{"h":150,"resize":"crop","w":150}},"indices":[101,123],"type":"photo","id":544310850832445440,"media_url":"http:\/\/pbs.twimg.com\/media\/B43H1b9CMAAiEI8.jpg"}]},"in_reply_to_screen_name":null,"id_str":"544310853613281281","retweet_count":138,"in_reply_to_user_id":null,"favorited":false,"user":{"follow_request_sent":false,"profile_use_background_image":true,"profile_text_color":"333333","default_profile_image":false,"id":156464691,"profile_background_image_url_https":"https:\/\/pbs.twimg.com\/profile_background_images\/685909192\/ac47d972d68a2b30c30ff5ec376ce553.png","verified":true,"profile_location":null,"profile_image_url_https":"https:\/\/pbs.twimg.com\/profile_images\/378800000786835151\/056684adc011767536026a3d16759f8d_normal.jpeg","profile_sidebar_fill_color":"DDEEF6","entities":{"url":{"urls":[{"url":"http:\/\/t.co\/F1KydZ9u0f","indices":[0,22],"expanded_url":"http:\/\/www.7news.com.au\/sydney","display_url":"7news.com.au\/sydney"}]},"description":{"urls":[]}},"followers_count":42339,"profile_sidebar_border_color":"FFFFFF","id_str":"156464691","profile_background_color":"C0DEED","listed_count":546,"is_translation_enabled":false,"utc_offset":39600,"statuses_count":29395,"description":"First For News in Sydney with @MarkFerguson_7 and @ChrisBath7 Nightly at 6pm","friends_count":397,"location":"Sydney","profile_link_color":"0084B4","profile_image_url":"http:\/\/pbs.twimg.com\/profile_images\/378800000786835151\/056684adc011767536026a3d16759f8d_normal.jpeg","following":false,"geo_enabled":true,"profile_banner_url":"https:\/\/pbs.twimg.com\/profile_banners\/156464691\/1404440792","profile_background_image_url":"http:\/\/pbs.twimg.com\/profile_background_images\/685909192\/ac47d972d68a2b30c30ff5ec376ce553.png","name":"7 News Sydney","lang":"en","profile_background_tile":false,"favourites_count":27,"screen_name":"7NewsSydney","notifications":false,"url":"http:\/\/t.co\/F1KydZ9u0f","created_at":"Thu Jun 17 01:05:23 +0000 2010","contributors_enabled":false,"time_zone":"Sydney","protected":false,"default_profile":false,"is_translator":false},"geo":null,"in_reply_to_user_id_str":null,"possibly_sensitive":false,"lang":"en","created_at":"Mon Dec 15 01:59:54 +0000 2014","in_reply_to_status_id_str":null,"place":null,"extended_entities":{"media":[{"expanded_url":"http:\/\/twitter.com\/7NewsSydney\/status\/544310853613281281\/photo\/1","display_url":"pic.twitter.com\/DE4IBxv73K","url":"http:\/\/t.co\/DE4IBxv73K","media_url_https":"https:\/\/pbs.twimg.com\/media\/B43H1b9CMAAiEI8.jpg","id_str":"544310850832445440","sizes":{"large":{"h":238,"resize":"fit","w":423},"small":{"h":190,"resize":"fit","w":340},"medium":{"h":238,"resize":"fit","w":423},"thumb":{"h":150,"resize":"crop","w":150}},"indices":[101,123],"type":"photo","id":544310850832445440,"media_url":"http:\/\/pbs.twimg.com\/media\/B43H1b9CMAAiEI8.jpg"}]}}