{"contributors":null,"truncated":false,"text":"@SkyNewsAust @liztilley84 good to see somebody did some research \ud83d\udc4f\ud83d\udc4f\ud83d\udc4f #SydneySiege","in_reply_to_status_id":544277117039837184,"id":544277505293561858,"favorite_count":3,"source":"<a href=\"http:\/\/twitter.com\/download\/iphone\" rel=\"nofollow\">Twitter for iPhone<\/a>","retweeted":false,"coordinates":{"type":"Point","coordinates":[151.69441314,-32.93784629]},"entities":{"symbols":[],"user_mentions":[{"id":16834659,"indices":[0,12],"id_str":"16834659","screen_name":"SkyNewsAust","name":"Sky News Australia"},{"id":1269181292,"indices":[13,25],"id_str":"1269181292","screen_name":"liztilley84","name":"Elizabeth Tilley"}],"hashtags":[{"indices":[69,81],"text":"SydneySiege"}],"urls":[]},"in_reply_to_screen_name":"SkyNewsAust","id_str":"544277505293561858","retweet_count":0,"in_reply_to_user_id":16834659,"favorited":false,"user":{"follow_request_sent":false,"profile_use_background_image":true,"profile_text_color":"333333","default_profile_image":false,"id":1394701628,"profile_background_image_url_https":"https:\/\/abs.twimg.com\/images\/themes\/theme14\/bg.gif","verified":false,"profile_location":null,"profile_image_url_https":"https:\/\/pbs.twimg.com\/profile_images\/589166480010280960\/XDCHLLL__normal.jpg","profile_sidebar_fill_color":"DDEEF6","entities":{"description":{"urls":[]}},"followers_count":99,"profile_sidebar_border_color":"FFFFFF","id_str":"1394701628","profile_background_color":"131516","listed_count":1,"is_translation_enabled":false,"utc_offset":39600,"statuses_count":1971,"description":"Couldn't care less about what you think of me.","friends_count":182,"location":"","profile_link_color":"000000","profile_image_url":"http:\/\/pbs.twimg.com\/profile_images\/589166480010280960\/XDCHLLL__normal.jpg","following":false,"geo_enabled":true,"profile_background_image_url":"http:\/\/abs.twimg.com\/images\/themes\/theme14\/bg.gif","name":"Yandamonium","lang":"en","profile_background_tile":false,"favourites_count":33,"screen_name":"GregYanda","notifications":false,"url":null,"created_at":"Wed May 01 13:50:13 +0000 2013","contributors_enabled":false,"time_zone":"Canberra","protected":false,"default_profile":false,"is_translator":false},"geo":{"type":"Point","coordinates":[-32.93784629,151.69441314]},"in_reply_to_user_id_str":"16834659","lang":"en","created_at":"Sun Dec 14 23:47:24 +0000 2014","in_reply_to_status_id_str":"544277117039837184","place":{"full_name":"Newcastle, New South Wales","url":"https:\/\/api.twitter.com\/1.1\/geo\/id\/01cc83b303f0c068.json","country":"Australia","place_type":"city","bounding_box":{"type":"Polygon","coordinates":[[[151.555001504,-33.120457027],[151.824398944,-33.120457027],[151.824398944,-32.8328690325],[151.555001504,-32.8328690325]]]},"contained_within":[],"country_code":"AU","attributes":{},"id":"01cc83b303f0c068","name":"Newcastle"}}