{"contributors": null, "truncated": false, "text": "@BobBobbins1 it will still be #blametony", "in_reply_to_status_id": 544281262371119104, "id": 544281431917076480, "favorite_count": 0, "source": "<a href=\"http://twitter.com\" rel=\"nofollow\">Twitter Web Client</a>", "retweeted": false, "coordinates": null, "entities": {"symbols": [], "user_mentions": [{"id": 296310272, "indices": [0, 12], "id_str": "296310272", "screen_name": "BobBobbins1", "name": "Bobobvious"}], "hashtags": [{"indices": [30, 40], "text": "blametony"}], "urls": []}, "in_reply_to_screen_name": "BobBobbins1", "id_str": "544281431917076480", "retweet_count": 0, "in_reply_to_user_id": 296310272, "favorited": false, "user": {"follow_request_sent": false, "profile_use_background_image": true, "profile_text_color": "333333", "default_profile_image": false, "id": 1508109590, "profile_background_image_url_https": "https://abs.twimg.com/images/themes/theme1/bg.png", "verified": false, "profile_location": null, "profile_image_url_https": "https://pbs.twimg.com/profile_images/344513261566865450/8911b2d92da47ccc3a674d8f08d64d06_normal.jpeg", "profile_sidebar_fill_color": "DDEEF6", "entities": {"description": {"urls": []}}, "followers_count": 258, "profile_sidebar_border_color": "C0DEED", "id_str": "1508109590", "profile_background_color": "C0DEED", "listed_count": 8, "is_translation_enabled": false, "utc_offset": null, "statuses_count": 4295, "description": "Trying to save the voice of center, center left and right from the crazy (sometimes paid) loons that infect #auspol", "friends_count": 300, "location": "Sydney", "profile_link_color": "0084B4", "profile_image_url": "http://pbs.twimg.com/profile_images/344513261566865450/8911b2d92da47ccc3a674d8f08d64d06_normal.jpeg", "following": false, "geo_enabled": false, "profile_background_image_url": "http://abs.twimg.com/images/themes/theme1/bg.png", "name": "Gary Blue", "lang": "en", "profile_background_tile": false, "favourites_count": 1574, "screen_name": "BlueTieBloke", "notifications": false, "url": null, "created_at": "Wed Jun 12 01:54:37 +0000 2013", "contributors_enabled": false, "time_zone": null, "protected": false, "default_profile": true, "is_translator": false}, "geo": null, "in_reply_to_user_id_str": "296310272", "lang": "en", "created_at": "Mon Dec 15 00:03:00 +0000 2014", "in_reply_to_status_id_str": "544281262371119104", "place": null}
