{"contributors": null, "truncated": false, "text": "@SkyNewsAust @StephanieAWood1 @liztilley84 then I guess we all don't need to worry???", "in_reply_to_status_id": 544277117039837184, "id": 544279451760996352, "favorite_count": 0, "source": "<a href=\"http://twitter.com/download/iphone\" rel=\"nofollow\">Twitter for iPhone</a>", "retweeted": false, "coordinates": null, "entities": {"symbols": [], "user_mentions": [{"id": 16834659, "indices": [0, 12], "id_str": "16834659", "screen_name": "SkyNewsAust", "name": "Sky News Australia"}, {"id": 16577386, "indices": [13, 29], "id_str": "16577386", "screen_name": "StephanieAWood1", "name": "Stephanie Wood"}, {"id": 1269181292, "indices": [30, 42], "id_str": "1269181292", "screen_name": "liztilley84", "name": "Elizabeth Tilley"}], "hashtags": [], "urls": []}, "in_reply_to_screen_name": "SkyNewsAust", "id_str": "544279451760996352", "retweet_count": 0, "in_reply_to_user_id": 16834659, "favorited": false, "user": {"follow_request_sent": false, "profile_use_background_image": true, "profile_text_color": "634047", "default_profile_image": false, "id": 413748278, "profile_background_image_url_https": "https://abs.twimg.com/images/themes/theme3/bg.gif", "verified": false, "profile_location": null, "profile_image_url_https": "https://pbs.twimg.com/profile_images/1641612708/head_shot_DW_normal.JPG", "profile_sidebar_fill_color": "E3E2DE", "entities": {"url": {"urls": [{"url": "http://t.co/ZfaonL9ABo", "indices": [0, 22], "expanded_url": "http://createforevermore.blogspot.com", "display_url": "createforevermore.blogspot.com"}]}, "description": {"urls": []}}, "followers_count": 32, "profile_sidebar_border_color": "D3D2CF", "id_str": "413748278", "profile_background_color": "EDECE9", "listed_count": 2, "is_translation_enabled": false, "utc_offset": 36000, "statuses_count": 88, "description": "happy wife, proud mum, budding artist, creative cook, musician, teacher yadayada....", "friends_count": 40, "location": "sydney australia", "profile_link_color": "088253", "profile_image_url": "http://pbs.twimg.com/profile_images/1641612708/head_shot_DW_normal.JPG", "following": false, "geo_enabled": true, "profile_background_image_url": "http://abs.twimg.com/images/themes/theme3/bg.gif", "name": "Debbi Weiss", "lang": "en", "profile_background_tile": false, "favourites_count": 3, "screen_name": "debbiweiss27", "notifications": false, "url": "http://t.co/ZfaonL9ABo", "created_at": "Wed Nov 16 06:27:05 +0000 2011", "contributors_enabled": false, "time_zone": "Brisbane", "protected": false, "default_profile": false, "is_translator": false}, "geo": null, "in_reply_to_user_id_str": "16834659", "lang": "en", "created_at": "Sun Dec 14 23:55:08 +0000 2014", "in_reply_to_status_id_str": "544277117039837184", "place": null}
