{"contributors": null, "truncated": false, "text": "@SkyNewsAust @liztilley84 so what", "in_reply_to_status_id": 544277117039837184, "id": 544277721186979840, "favorite_count": 0, "source": "<a href=\"http://twitter.com/download/iphone\" rel=\"nofollow\">Twitter for iPhone</a>", "retweeted": false, "coordinates": null, "entities": {"symbols": [], "user_mentions": [{"id": 16834659, "indices": [0, 12], "id_str": "16834659", "screen_name": "SkyNewsAust", "name": "Sky News Australia"}, {"id": 1269181292, "indices": [13, 25], "id_str": "1269181292", "screen_name": "liztilley84", "name": "Elizabeth Tilley"}], "hashtags": [], "urls": []}, "in_reply_to_screen_name": "SkyNewsAust", "id_str": "544277721186979840", "retweet_count": 0, "in_reply_to_user_id": 16834659, "favorited": false, "user": {"follow_request_sent": false, "profile_use_background_image": true, "profile_text_color": "333333", "default_profile_image": false, "id": 2383360362, "profile_background_image_url_https": "https://abs.twimg.com/images/themes/theme1/bg.png", "verified": false, "profile_location": null, "profile_image_url_https": "https://pbs.twimg.com/profile_images/465321452443410432/TjlvWJF7_normal.jpeg", "profile_sidebar_fill_color": "DDEEF6", "entities": {"description": {"urls": []}}, "followers_count": 1343, "profile_sidebar_border_color": "C0DEED", "id_str": "2383360362", "profile_background_color": "C0DEED", "listed_count": 33, "is_translation_enabled": false, "utc_offset": null, "statuses_count": 39282, "description": "love your enemy Rt's arent endorsments, some are to show what i dont agree with! appeasing me to attack me is your weakness, enjoy ! i retweet a lot !", "friends_count": 2002, "location": "", "profile_link_color": "0084B4", "profile_image_url": "http://pbs.twimg.com/profile_images/465321452443410432/TjlvWJF7_normal.jpeg", "following": false, "geo_enabled": false, "profile_banner_url": "https://pbs.twimg.com/profile_banners/2383360362/1398217420", "profile_background_image_url": "http://abs.twimg.com/images/themes/theme1/bg.png", "name": "Havenr", "lang": "en", "profile_background_tile": false, "favourites_count": 5165, "screen_name": "craigless2", "notifications": false, "url": null, "created_at": "Tue Mar 11 08:00:48 +0000 2014", "contributors_enabled": false, "time_zone": null, "protected": false, "default_profile": true, "is_translator": false}, "geo": null, "in_reply_to_user_id_str": "16834659", "lang": "en", "created_at": "Sun Dec 14 23:48:15 +0000 2014", "in_reply_to_status_id_str": "544277117039837184", "place": null}
