{"contributors":null,"truncated":false,"text":"@SkyNewsAust @liztilley84 so why can't @SkyNews tell us the same","in_reply_to_status_id":544277117039837184,"id":544280318870827008,"favorite_count":0,"source":"<a href=\"http:\/\/twitter.com\/download\/iphone\" rel=\"nofollow\">Twitter for iPhone<\/a>","retweeted":false,"coordinates":null,"entities":{"symbols":[],"user_mentions":[{"id":16834659,"indices":[0,12],"id_str":"16834659","screen_name":"SkyNewsAust","name":"Sky News Australia"},{"id":1269181292,"indices":[13,25],"id_str":"1269181292","screen_name":"liztilley84","name":"Elizabeth Tilley"},{"id":7587032,"indices":[39,47],"id_str":"7587032","screen_name":"SkyNews","name":"Sky News"}],"hashtags":[],"urls":[]},"in_reply_to_screen_name":"SkyNewsAust","id_str":"544280318870827008","retweet_count":0,"in_reply_to_user_id":16834659,"favorited":false,"user":{"follow_request_sent":false,"profile_use_background_image":true,"profile_text_color":"333333","default_profile_image":false,"id":456179845,"profile_background_image_url_https":"https:\/\/abs.twimg.com\/images\/themes\/theme1\/bg.png","verified":false,"profile_location":null,"profile_image_url_https":"https:\/\/pbs.twimg.com\/profile_images\/571808008088526849\/We5zdyP9_normal.jpeg","profile_sidebar_fill_color":"DDEEF6","entities":{"description":{"urls":[]}},"followers_count":164,"profile_sidebar_border_color":"C0DEED","id_str":"456179845","profile_background_color":"C0DEED","listed_count":0,"is_translation_enabled":false,"utc_offset":null,"statuses_count":1627,"description":"Always looking for new interests and life moments to remember.. whats next?\n\nupdates on #cavan kirkham-maccallum #raredisease #hememelia","friends_count":600,"location":"northamptonshire","profile_link_color":"0084B4","profile_image_url":"http:\/\/pbs.twimg.com\/profile_images\/571808008088526849\/We5zdyP9_normal.jpeg","following":false,"geo_enabled":true,"profile_background_image_url":"http:\/\/abs.twimg.com\/images\/themes\/theme1\/bg.png","name":"Bernadette","lang":"en","profile_background_tile":false,"favourites_count":163,"screen_name":"bfromblighty","notifications":false,"url":null,"created_at":"Thu Jan 05 23:42:36 +0000 2012","contributors_enabled":false,"time_zone":null,"protected":false,"default_profile":true,"is_translator":false},"geo":null,"in_reply_to_user_id_str":"16834659","lang":"en","created_at":"Sun Dec 14 23:58:34 +0000 2014","in_reply_to_status_id_str":"544277117039837184","place":null}