{"contributors": null, "truncated": false, "text": "@SkyNewsAust @ljayes Allah means God. Why would you translate inconsistently and selectively like that? Oh, never mind. I know why.", "in_reply_to_status_id": 544277117039837184, "id": 544278016235302912, "favorite_count": 1, "source": "<a href=\"http://twitter.com/#!/download/ipad\" rel=\"nofollow\">Twitter for iPad</a>", "retweeted": false, "coordinates": null, "entities": {"symbols": [], "user_mentions": [{"id": 16834659, "indices": [0, 12], "id_str": "16834659", "screen_name": "SkyNewsAust", "name": "Sky News Australia"}, {"id": 17831767, "indices": [13, 20], "id_str": "17831767", "screen_name": "ljayes", "name": "Laura Jayes"}], "hashtags": [], "urls": []}, "in_reply_to_screen_name": "SkyNewsAust", "id_str": "544278016235302912", "retweet_count": 0, "in_reply_to_user_id": 16834659, "favorited": false, "user": {"follow_request_sent": false, "profile_use_background_image": true, "profile_text_color": "333333", "default_profile_image": false, "id": 94065115, "profile_background_image_url_https": "https://pbs.twimg.com/profile_background_images/57292662/Tiling_willow_pattern_by_wiggleroom.png", "verified": false, "profile_location": null, "profile_image_url_https": "https://pbs.twimg.com/profile_images/477013720053194753/jD-abmJb_normal.jpeg", "profile_sidebar_fill_color": "DDEEF6", "entities": {"description": {"urls": []}}, "followers_count": 270, "profile_sidebar_border_color": "C0DEED", "id_str": "94065115", "profile_background_color": "C0DEED", "listed_count": 3, "is_translation_enabled": false, "utc_offset": 39600, "statuses_count": 4405, "description": "", "friends_count": 696, "location": "Melbourne", "profile_link_color": "0084B4", "profile_image_url": "http://pbs.twimg.com/profile_images/477013720053194753/jD-abmJb_normal.jpeg", "following": false, "geo_enabled": true, "profile_banner_url": "https://pbs.twimg.com/profile_banners/94065115/1398684024", "profile_background_image_url": "http://pbs.twimg.com/profile_background_images/57292662/Tiling_willow_pattern_by_wiggleroom.png", "name": "Kevin Griffin", "lang": "en", "profile_background_tile": true, "favourites_count": 1052, "screen_name": "kpgriffin", "notifications": false, "url": null, "created_at": "Wed Dec 02 10:42:39 +0000 2009", "contributors_enabled": false, "time_zone": "Melbourne", "protected": false, "default_profile": false, "is_translator": false}, "geo": null, "in_reply_to_user_id_str": "16834659", "lang": "en", "created_at": "Sun Dec 14 23:49:25 +0000 2014", "in_reply_to_status_id_str": "544277117039837184", "place": null}
