{"contributors": null, "truncated": false, "text": "@SkyNewsAust. Isn't the Arabic for God, Allah? So shouldn't it be - \"There is no god but the God, Muhammad is the messenger of the God\"", "in_reply_to_status_id": 544277117039837184, "id": 544281387499413504, "favorite_count": 0, "source": "<a href=\"http://twitter.com\" rel=\"nofollow\">Twitter Web Client</a>", "retweeted": false, "coordinates": null, "entities": {"symbols": [], "user_mentions": [{"id": 16834659, "indices": [0, 12], "id_str": "16834659", "screen_name": "SkyNewsAust", "name": "Sky News Australia"}], "hashtags": [], "urls": []}, "in_reply_to_screen_name": "SkyNewsAust", "id_str": "544281387499413504", "retweet_count": 0, "in_reply_to_user_id": 16834659, "favorited": false, "user": {"follow_request_sent": false, "profile_use_background_image": true, "profile_text_color": "333333", "default_profile_image": false, "id": 269587028, "profile_background_image_url_https": "https://abs.twimg.com/images/themes/theme1/bg.png", "verified": false, "profile_location": null, "profile_image_url_https": "https://pbs.twimg.com/profile_images/1281018591/195650_547327775_6038856_n_normal.jpg", "profile_sidebar_fill_color": "DDEEF6", "entities": {"description": {"urls": []}}, "followers_count": 12, "profile_sidebar_border_color": "C0DEED", "id_str": "269587028", "profile_background_color": "C0DEED", "listed_count": 0, "is_translation_enabled": false, "utc_offset": null, "statuses_count": 19, "description": "", "friends_count": 81, "location": "Brisbane, QLD, Australia", "profile_link_color": "0084B4", "profile_image_url": "http://pbs.twimg.com/profile_images/1281018591/195650_547327775_6038856_n_normal.jpg", "following": false, "geo_enabled": true, "profile_background_image_url": "http://abs.twimg.com/images/themes/theme1/bg.png", "name": "Jackson Dean", "lang": "en", "profile_background_tile": false, "favourites_count": 0, "screen_name": "jackson_dean", "notifications": false, "url": null, "created_at": "Mon Mar 21 02:31:41 +0000 2011", "contributors_enabled": false, "time_zone": null, "protected": false, "default_profile": true, "is_translator": false}, "geo": null, "in_reply_to_user_id_str": "16834659", "lang": "en", "created_at": "Mon Dec 15 00:02:49 +0000 2014", "in_reply_to_status_id_str": "544277117039837184", "place": null}
