{"contributors":null,"truncated":false,"text":"@SkyNewsAust  Go get the Isis thugs NOW !!!","in_reply_to_status_id":544277117039837184,"id":544280441151574016,"favorite_count":2,"source":"<a href=\"http:\/\/twitter.com\" rel=\"nofollow\">Twitter Web Client<\/a>","retweeted":false,"coordinates":null,"entities":{"symbols":[],"user_mentions":[{"id":16834659,"indices":[0,12],"id_str":"16834659","screen_name":"SkyNewsAust","name":"Sky News Australia"}],"hashtags":[],"urls":[]},"in_reply_to_screen_name":"SkyNewsAust","id_str":"544280441151574016","retweet_count":2,"in_reply_to_user_id":16834659,"favorited":false,"user":{"follow_request_sent":false,"profile_use_background_image":false,"profile_text_color":"000000","default_profile_image":false,"id":821330863,"profile_background_image_url_https":"https:\/\/abs.twimg.com\/images\/themes\/theme1\/bg.png","verified":false,"profile_location":null,"profile_image_url_https":"https:\/\/pbs.twimg.com\/profile_images\/573087938621263874\/E5DL8bGj_normal.jpeg","profile_sidebar_fill_color":"000000","entities":{"description":{"urls":[]}},"followers_count":1161,"profile_sidebar_border_color":"000000","id_str":"821330863","profile_background_color":"000000","listed_count":7,"is_translation_enabled":false,"utc_offset":3600,"statuses_count":30346,"description":"geen ruzie, wel LOL, nepblond woont met allerlei GB family a.k.a. My Staff in my Castle. Vind kids overal het belangrijkst. Vlag halfstok blijft tot peaceday.","friends_count":924,"location":"Holland","profile_link_color":"0084B4","profile_image_url":"http:\/\/pbs.twimg.com\/profile_images\/573087938621263874\/E5DL8bGj_normal.jpeg","following":false,"geo_enabled":false,"profile_banner_url":"https:\/\/pbs.twimg.com\/profile_banners\/821330863\/1418121346","profile_background_image_url":"http:\/\/abs.twimg.com\/images\/themes\/theme1\/bg.png","name":"emily","lang":"nl","profile_background_tile":false,"favourites_count":4,"screen_name":"emilygoyaars","notifications":false,"url":null,"created_at":"Thu Sep 13 11:18:18 +0000 2012","contributors_enabled":false,"time_zone":"Amsterdam","protected":false,"default_profile":false,"is_translator":false},"geo":null,"in_reply_to_user_id_str":"16834659","lang":"en","created_at":"Sun Dec 14 23:59:04 +0000 2014","in_reply_to_status_id_str":"544277117039837184","place":null}