{"contributors": null, "truncated": false, "text": "@SkyNewsAust @liztilley84 it's a Sunni flag. ISIS are Sunni. So are Al Qaida. Black=Sunni. Green=Shia.", "in_reply_to_status_id": 544277117039837184, "id": 544279824890871809, "favorite_count": 4, "source": "<a href=\"http://twitter.com/download/iphone\" rel=\"nofollow\">Twitter for iPhone</a>", "retweeted": false, "coordinates": null, "entities": {"symbols": [], "user_mentions": [{"id": 16834659, "indices": [0, 12], "id_str": "16834659", "screen_name": "SkyNewsAust", "name": "Sky News Australia"}, {"id": 1269181292, "indices": [13, 25], "id_str": "1269181292", "screen_name": "liztilley84", "name": "Elizabeth Tilley"}], "hashtags": [], "urls": []}, "in_reply_to_screen_name": "SkyNewsAust", "id_str": "544279824890871809", "retweet_count": 5, "in_reply_to_user_id": 16834659, "favorited": false, "user": {"follow_request_sent": false, "profile_use_background_image": true, "profile_text_color": "333333", "default_profile_image": false, "id": 1325438424, "profile_background_image_url_https": "https://abs.twimg.com/images/themes/theme1/bg.png", "verified": false, "profile_location": null, "profile_image_url_https": "https://pbs.twimg.com/profile_images/539065799940788224/shlPej9P_normal.jpeg", "profile_sidebar_fill_color": "DDEEF6", "entities": {"description": {"urls": []}}, "followers_count": 325, "profile_sidebar_border_color": "C0DEED", "id_str": "1325438424", "profile_background_color": "C0DEED", "listed_count": 9, "is_translation_enabled": false, "utc_offset": null, "statuses_count": 9298, "description": "Husband, Father, Saved by Grace, Marine, Iraq Veteran, Citadel Graduate, some other stuff...", "friends_count": 438, "location": "TEXAS", "profile_link_color": "0084B4", "profile_image_url": "http://pbs.twimg.com/profile_images/539065799940788224/shlPej9P_normal.jpeg", "following": false, "geo_enabled": false, "profile_banner_url": "https://pbs.twimg.com/profile_banners/1325438424/1409865048", "profile_background_image_url": "http://abs.twimg.com/images/themes/theme1/bg.png", "name": "Gomes", "lang": "en", "profile_background_tile": false, "favourites_count": 10366, "screen_name": "GomesBolt", "notifications": false, "url": null, "created_at": "Wed Apr 03 21:17:11 +0000 2013", "contributors_enabled": false, "time_zone": null, "protected": false, "default_profile": true, "is_translator": false}, "geo": null, "in_reply_to_user_id_str": "16834659", "lang": "en", "created_at": "Sun Dec 14 23:56:37 +0000 2014", "in_reply_to_status_id_str": "544277117039837184", "place": null}
