{"contributors": null, "truncated": false, "text": "@SkyNewsAust @ka_robo @liztilley84  So it's not ISIS but Islam in general. Much better... #leftards better think up a new word #islamaphobia", "in_reply_to_status_id": 544277117039837184, "id": 544277972597755904, "favorite_count": 9, "source": "<a href=\"http://twitter.com\" rel=\"nofollow\">Twitter Web Client</a>", "retweeted": false, "coordinates": null, "entities": {"symbols": [], "user_mentions": [{"id": 16834659, "indices": [0, 12], "id_str": "16834659", "screen_name": "SkyNewsAust", "name": "Sky News Australia"}, {"id": 1607528220, "indices": [13, 21], "id_str": "1607528220", "screen_name": "ka_robo", "name": "KA"}, {"id": 1269181292, "indices": [22, 34], "id_str": "1269181292", "screen_name": "liztilley84", "name": "Elizabeth Tilley"}], "hashtags": [{"indices": [90, 99], "text": "leftards"}, {"indices": [127, 140], "text": "islamaphobia"}], "urls": []}, "in_reply_to_screen_name": "SkyNewsAust", "id_str": "544277972597755904", "retweet_count": 11, "in_reply_to_user_id": 16834659, "favorited": false, "user": {"follow_request_sent": false, "profile_use_background_image": true, "profile_text_color": "333333", "default_profile_image": false, "id": 1508109590, "profile_background_image_url_https": "https://abs.twimg.com/images/themes/theme1/bg.png", "verified": false, "profile_location": null, "profile_image_url_https": "https://pbs.twimg.com/profile_images/344513261566865450/8911b2d92da47ccc3a674d8f08d64d06_normal.jpeg", "profile_sidebar_fill_color": "DDEEF6", "entities": {"description": {"urls": []}}, "followers_count": 258, "profile_sidebar_border_color": "C0DEED", "id_str": "1508109590", "profile_background_color": "C0DEED", "listed_count": 8, "is_translation_enabled": false, "utc_offset": null, "statuses_count": 4295, "description": "Trying to save the voice of center, center left and right from the crazy (sometimes paid) loons that infect #auspol", "friends_count": 300, "location": "Sydney", "profile_link_color": "0084B4", "profile_image_url": "http://pbs.twimg.com/profile_images/344513261566865450/8911b2d92da47ccc3a674d8f08d64d06_normal.jpeg", "following": false, "geo_enabled": false, "profile_background_image_url": "http://abs.twimg.com/images/themes/theme1/bg.png", "name": "Gary Blue", "lang": "en", "profile_background_tile": false, "favourites_count": 1574, "screen_name": "BlueTieBloke", "notifications": false, "url": null, "created_at": "Wed Jun 12 01:54:37 +0000 2013", "contributors_enabled": false, "time_zone": null, "protected": false, "default_profile": true, "is_translator": false}, "geo": null, "in_reply_to_user_id_str": "16834659", "lang": "en", "created_at": "Sun Dec 14 23:49:15 +0000 2014", "in_reply_to_status_id_str": "544277117039837184", "place": null}
