{"contributors": null, "truncated": false, "text": "@SkyNewsAust Support a #mediablackout to avoid giving the hostage takers a platform for their message &amp; risking future copycats #martinplace", "in_reply_to_status_id": 544277117039837184, "id": 544277353900154880, "favorite_count": 2, "source": "<a href=\"http://twitter.com/download/android\" rel=\"nofollow\">Twitter for Android</a>", "retweeted": false, "coordinates": null, "entities": {"symbols": [], "user_mentions": [{"id": 16834659, "indices": [0, 12], "id_str": "16834659", "screen_name": "SkyNewsAust", "name": "Sky News Australia"}], "hashtags": [{"indices": [23, 37], "text": "mediablackout"}, {"indices": [132, 144], "text": "martinplace"}], "urls": []}, "in_reply_to_screen_name": "SkyNewsAust", "id_str": "544277353900154880", "retweet_count": 1, "in_reply_to_user_id": 16834659, "favorited": false, "user": {"follow_request_sent": false, "profile_use_background_image": true, "profile_text_color": "3E4415", "default_profile_image": false, "id": 71194194, "profile_background_image_url_https": "https://abs.twimg.com/images/themes/theme5/bg.gif", "verified": false, "profile_location": null, "profile_image_url_https": "https://pbs.twimg.com/profile_images/395996073/me-distorted_normal.jpg", "profile_sidebar_fill_color": "99CC33", "entities": {"url": {"urls": [{"url": "http://t.co/rYZcBaR9PC", "indices": [0, 22], "expanded_url": "http://www.facebook.com/flitman", "display_url": "facebook.com/flitman"}]}, "description": {"urls": []}}, "followers_count": 285, "profile_sidebar_border_color": "829D5E", "id_str": "71194194", "profile_background_color": "352726", "listed_count": 2, "is_translation_enabled": false, "utc_offset": 39600, "statuses_count": 105, "description": "", "friends_count": 1057, "location": "", "profile_link_color": "D02B55", "profile_image_url": "http://pbs.twimg.com/profile_images/395996073/me-distorted_normal.jpg", "following": false, "geo_enabled": false, "profile_background_image_url": "http://abs.twimg.com/images/themes/theme5/bg.gif", "name": "Rachel Flit", "lang": "en", "profile_background_tile": false, "favourites_count": 22, "screen_name": "rachflit", "notifications": false, "url": "http://t.co/rYZcBaR9PC", "created_at": "Thu Sep 03 07:01:17 +0000 2009", "contributors_enabled": false, "time_zone": "Melbourne", "protected": false, "default_profile": false, "is_translator": false}, "geo": null, "in_reply_to_user_id_str": "16834659", "lang": "en", "created_at": "Sun Dec 14 23:46:48 +0000 2014", "in_reply_to_status_id_str": "544277117039837184", "place": null}
