{"contributors": null, "truncated": false, "text": "@SkyNewsAust @liztilley84 @AB_Owl Not a great comfort but an important detail to emphasise.", "in_reply_to_status_id": 544277117039837184, "id": 544279139704782848, "favorite_count": 1, "source": "<a href=\"https://about.twitter.com/products/tweetdeck\" rel=\"nofollow\">TweetDeck</a>", "retweeted": false, "coordinates": null, "entities": {"symbols": [], "user_mentions": [{"id": 16834659, "indices": [0, 12], "id_str": "16834659", "screen_name": "SkyNewsAust", "name": "Sky News Australia"}, {"id": 1269181292, "indices": [13, 25], "id_str": "1269181292", "screen_name": "liztilley84", "name": "Elizabeth Tilley"}, {"id": 140315951, "indices": [26, 33], "id_str": "140315951", "screen_name": "AB_Owl", "name": "My Halo Broke"}], "hashtags": [], "urls": []}, "in_reply_to_screen_name": "SkyNewsAust", "id_str": "544279139704782848", "retweet_count": 1, "in_reply_to_user_id": 16834659, "favorited": false, "user": {"follow_request_sent": false, "profile_use_background_image": true, "profile_text_color": "333333", "default_profile_image": false, "id": 420176985, "profile_background_image_url_https": "https://abs.twimg.com/images/themes/theme1/bg.png", "verified": false, "profile_location": null, "profile_image_url_https": "https://pbs.twimg.com/profile_images/497211293644779520/3XGyNcQh_normal.jpeg", "profile_sidebar_fill_color": "DDEEF6", "entities": {"description": {"urls": []}}, "followers_count": 687, "profile_sidebar_border_color": "C0DEED", "id_str": "420176985", "profile_background_color": "C0DEED", "listed_count": 48, "is_translation_enabled": false, "utc_offset": 39600, "statuses_count": 71424, "description": "Video Gamer, Sports Fan, Atheist, Free-Thinker, Social Liberal, Greenie, Unapologetically Non-PC.", "friends_count": 314, "location": "Victoria, Australia, Earth", "profile_link_color": "00B30C", "profile_image_url": "http://pbs.twimg.com/profile_images/497211293644779520/3XGyNcQh_normal.jpeg", "following": false, "geo_enabled": true, "profile_banner_url": "https://pbs.twimg.com/profile_banners/420176985/1407379348", "profile_background_image_url": "http://abs.twimg.com/images/themes/theme1/bg.png", "name": "Marcus Van", "lang": "en", "profile_background_tile": false, "favourites_count": 16260, "screen_name": "PolarVan", "notifications": false, "url": null, "created_at": "Thu Nov 24 08:47:06 +0000 2011", "contributors_enabled": false, "time_zone": "Melbourne", "protected": false, "default_profile": false, "is_translator": false}, "geo": null, "in_reply_to_user_id_str": "16834659", "lang": "en", "created_at": "Sun Dec 14 23:53:53 +0000 2014", "in_reply_to_status_id_str": "544277117039837184", "place": null}
