{"contributors":null,"truncated":false,"text":"@DrozAnn @SkyNewsAust @liztilley84 yeah send them to Kobane in Syria..","in_reply_to_status_id":544280357760024576,"id":544296634767929344,"favorite_count":1,"source":"<a href=\"http:\/\/twitter.com\/download\/iphone\" rel=\"nofollow\">Twitter for iPhone<\/a>","retweeted":false,"coordinates":null,"entities":{"symbols":[],"user_mentions":[{"id":2351613186,"indices":[0,8],"id_str":"2351613186","screen_name":"DrozAnn","name":"Ann Droz"},{"id":16834659,"indices":[9,21],"id_str":"16834659","screen_name":"SkyNewsAust","name":"Sky News Australia"},{"id":1269181292,"indices":[22,34],"id_str":"1269181292","screen_name":"liztilley84","name":"Elizabeth Tilley"}],"hashtags":[],"urls":[]},"in_reply_to_screen_name":"DrozAnn","id_str":"544296634767929344","retweet_count":0,"in_reply_to_user_id":2351613186,"favorited":false,"user":{"follow_request_sent":false,"profile_use_background_image":true,"profile_text_color":"333333","default_profile_image":false,"id":2728857555,"profile_background_image_url_https":"https:\/\/abs.twimg.com\/images\/themes\/theme1\/bg.png","verified":false,"profile_location":null,"profile_image_url_https":"https:\/\/pbs.twimg.com\/profile_images\/574043710272499714\/722CCwn0_normal.jpeg","profile_sidebar_fill_color":"DDEEF6","entities":{"description":{"urls":[]}},"followers_count":137,"profile_sidebar_border_color":"C0DEED","id_str":"2728857555","profile_background_color":"C0DEED","listed_count":2,"is_translation_enabled":false,"utc_offset":null,"statuses_count":2631,"description":"I think the world will be a much better & safer place if ISIS & their supporters will be eliminated :)","friends_count":241,"location":"japan","profile_link_color":"0084B4","profile_image_url":"http:\/\/pbs.twimg.com\/profile_images\/574043710272499714\/722CCwn0_normal.jpeg","following":false,"geo_enabled":true,"profile_banner_url":"https:\/\/pbs.twimg.com\/profile_banners\/2728857555\/1416096771","profile_background_image_url":"http:\/\/abs.twimg.com\/images\/themes\/theme1\/bg.png","name":"S N","lang":"da","profile_background_tile":false,"favourites_count":2815,"screen_name":"svnielsen21","notifications":false,"url":null,"created_at":"Wed Jul 30 08:44:02 +0000 2014","contributors_enabled":false,"time_zone":null,"protected":false,"default_profile":true,"is_translator":false},"geo":null,"in_reply_to_user_id_str":"2351613186","lang":"en","created_at":"Mon Dec 15 01:03:24 +0000 2014","in_reply_to_status_id_str":"544280357760024576","place":null}