{"contributors":null,"truncated":false,"text":"@BlueTieBloke \"phobia\" =\"irrational fear \". The\" civilised \" world is just\"sick\" of these animals. #nausea","in_reply_to_status_id":544281431917076480,"id":544282348049956864,"favorite_count":1,"source":"<a href=\"https:\/\/twitter.com\/download\/android\" rel=\"nofollow\">Twitter for Android Tablets<\/a>","retweeted":false,"coordinates":null,"entities":{"symbols":[],"user_mentions":[{"id":1508109590,"indices":[0,13],"id_str":"1508109590","screen_name":"BlueTieBloke","name":"Gary Blue"}],"hashtags":[{"indices":[99,106],"text":"nausea"}],"urls":[]},"in_reply_to_screen_name":"BlueTieBloke","id_str":"544282348049956864","retweet_count":1,"in_reply_to_user_id":1508109590,"favorited":false,"user":{"follow_request_sent":false,"profile_use_background_image":true,"profile_text_color":"333333","default_profile_image":false,"id":296310272,"profile_background_image_url_https":"https:\/\/abs.twimg.com\/images\/themes\/theme1\/bg.png","verified":false,"profile_location":null,"profile_image_url_https":"https:\/\/pbs.twimg.com\/profile_images\/573063360801071104\/4KqhKLqc_normal.jpeg","profile_sidebar_fill_color":"DDEEF6","entities":{"description":{"urls":[]}},"followers_count":258,"profile_sidebar_border_color":"C0DEED","id_str":"296310272","profile_background_color":"C0DEED","listed_count":8,"is_translation_enabled":false,"utc_offset":null,"statuses_count":4223,"description":"Don't follow leaders watch the parking  meters   UKIP GE 2015","friends_count":345,"location":"","profile_link_color":"0084B4","profile_image_url":"http:\/\/pbs.twimg.com\/profile_images\/573063360801071104\/4KqhKLqc_normal.jpeg","following":false,"geo_enabled":false,"profile_banner_url":"https:\/\/pbs.twimg.com\/profile_banners\/296310272\/1399664738","profile_background_image_url":"http:\/\/abs.twimg.com\/images\/themes\/theme1\/bg.png","name":"Bobobvious","lang":"en","profile_background_tile":false,"favourites_count":1162,"screen_name":"BobBobbins1","notifications":false,"url":null,"created_at":"Tue May 10 15:00:30 +0000 2011","contributors_enabled":false,"time_zone":null,"protected":false,"default_profile":true,"is_translator":false},"geo":null,"in_reply_to_user_id_str":"1508109590","lang":"en","created_at":"Mon Dec 15 00:06:38 +0000 2014","in_reply_to_status_id_str":"544281431917076480","place":null}