{"contributors": null, "truncated": false, "text": "@SkyNewsAust @HRHgearoid same shit", "in_reply_to_status_id": 544277117039837184, "id": 544279344252596224, "favorite_count": 0, "source": "<a href=\"http://twitter.com/#!/download/ipad\" rel=\"nofollow\">Twitter for iPad</a>", "retweeted": false, "coordinates": null, "entities": {"symbols": [], "user_mentions": [{"id": 16834659, "indices": [0, 12], "id_str": "16834659", "screen_name": "SkyNewsAust", "name": "Sky News Australia"}, {"id": 196166712, "indices": [13, 24], "id_str": "196166712", "screen_name": "HRHgearoid", "name": "Gearoid O' Mathuna"}], "hashtags": [], "urls": []}, "in_reply_to_screen_name": "SkyNewsAust", "id_str": "544279344252596224", "retweet_count": 0, "in_reply_to_user_id": 16834659, "favorited": false, "user": {"follow_request_sent": false, "profile_use_background_image": true, "profile_text_color": "333333", "default_profile_image": false, "id": 25300494, "profile_background_image_url_https": "https://abs.twimg.com/images/themes/theme16/bg.gif", "verified": false, "profile_location": null, "profile_image_url_https": "https://pbs.twimg.com/profile_images/542153568044978176/979Taz1Q_normal.jpeg", "profile_sidebar_fill_color": "DDFFCC", "entities": {"description": {"urls": []}}, "followers_count": 1218, "profile_sidebar_border_color": "BDDCAD", "id_str": "25300494", "profile_background_color": "9AE4E8", "listed_count": 13, "is_translation_enabled": false, "utc_offset": -21600, "statuses_count": 14174, "description": "Activist . Liberal. Biochemist. Proudly Irish Love Hate Addict Human Rights Retweets not Endorsements", "friends_count": 1762, "location": " Eire Carrantuohill", "profile_link_color": "0084B4", "profile_image_url": "http://pbs.twimg.com/profile_images/542153568044978176/979Taz1Q_normal.jpeg", "following": false, "geo_enabled": false, "profile_banner_url": "https://pbs.twimg.com/profile_banners/25300494/1418094482", "profile_background_image_url": "http://abs.twimg.com/images/themes/theme16/bg.gif", "name": "KC", "lang": "en", "profile_background_tile": false, "favourites_count": 6799, "screen_name": "raglanhall", "notifications": false, "url": null, "created_at": "Thu Mar 19 14:09:43 +0000 2009", "contributors_enabled": false, "time_zone": "Central Time (US & Canada)", "protected": false, "default_profile": false, "is_translator": false}, "geo": null, "in_reply_to_user_id_str": "16834659", "lang": "en", "created_at": "Sun Dec 14 23:54:42 +0000 2014", "in_reply_to_status_id_str": "544277117039837184", "place": null}
