{"contributors": null, "truncated": false, "text": "@SkyNewsAust @conkc2 @liztilley84 Muhammad would be the guy with the 9 yr old wives and the order of death to infidels? What's the diff?", "in_reply_to_status_id": 544277117039837184, "id": 544279000672387072, "favorite_count": 1, "source": "<a href=\"http://twitter.com\" rel=\"nofollow\">Twitter Web Client</a>", "retweeted": false, "coordinates": null, "entities": {"symbols": [], "user_mentions": [{"id": 16834659, "indices": [0, 12], "id_str": "16834659", "screen_name": "SkyNewsAust", "name": "Sky News Australia"}, {"id": 23113181, "indices": [13, 20], "id_str": "23113181", "screen_name": "conkc2", "name": "Kimberly C "}, {"id": 1269181292, "indices": [21, 33], "id_str": "1269181292", "screen_name": "liztilley84", "name": "Elizabeth Tilley"}], "hashtags": [], "urls": []}, "in_reply_to_screen_name": "SkyNewsAust", "id_str": "544279000672387072", "retweet_count": 0, "in_reply_to_user_id": 16834659, "favorited": false, "user": {"follow_request_sent": false, "profile_use_background_image": true, "profile_text_color": "333333", "default_profile_image": false, "id": 20778273, "profile_background_image_url_https": "https://abs.twimg.com/images/themes/theme17/bg.gif", "verified": false, "profile_location": null, "profile_image_url_https": "https://pbs.twimg.com/profile_images/1256916233/twitterpic_normal.jpg", "profile_sidebar_fill_color": "E6F6F9", "entities": {"description": {"urls": []}}, "followers_count": 1510, "profile_sidebar_border_color": "FFFFFF", "id_str": "20778273", "profile_background_color": "DBE9ED", "listed_count": 21, "is_translation_enabled": false, "utc_offset": -25200, "statuses_count": 19027, "description": "Business owner; American; Patriot", "friends_count": 1971, "location": "Denver", "profile_link_color": "33A3CC", "profile_image_url": "http://pbs.twimg.com/profile_images/1256916233/twitterpic_normal.jpg", "following": false, "geo_enabled": false, "profile_background_image_url": "http://abs.twimg.com/images/themes/theme17/bg.gif", "name": "justmejill", "lang": "en", "profile_background_tile": false, "favourites_count": 46, "screen_name": "justmejill", "notifications": false, "url": null, "created_at": "Fri Feb 13 15:34:45 +0000 2009", "contributors_enabled": false, "time_zone": "Mountain Time (US & Canada)", "protected": false, "default_profile": false, "is_translator": false}, "geo": null, "in_reply_to_user_id_str": "16834659", "lang": "en", "created_at": "Sun Dec 14 23:53:20 +0000 2014", "in_reply_to_status_id_str": "544277117039837184", "place": null}
