{"contributors": null, "truncated": false, "text": "@SkyNewsAust so its not an IS flag - must be a peaceful Islamic extremist group then!", "in_reply_to_status_id": 544277117039837184, "id": 544281375826665472, "favorite_count": 7, "source": "<a href=\"http://twitter.com/download/android\" rel=\"nofollow\">Twitter for Android</a>", "retweeted": false, "coordinates": null, "entities": {"symbols": [], "user_mentions": [{"id": 16834659, "indices": [0, 12], "id_str": "16834659", "screen_name": "SkyNewsAust", "name": "Sky News Australia"}], "hashtags": [], "urls": []}, "in_reply_to_screen_name": "SkyNewsAust", "id_str": "544281375826665472", "retweet_count": 6, "in_reply_to_user_id": 16834659, "favorited": false, "user": {"follow_request_sent": false, "profile_use_background_image": true, "profile_text_color": "333333", "default_profile_image": false, "id": 328474622, "profile_background_image_url_https": "https://abs.twimg.com/images/themes/theme1/bg.png", "verified": false, "profile_location": null, "profile_image_url_https": "https://pbs.twimg.com/profile_images/2551791454/4r8qshzu0qwxb215d204_normal.jpeg", "profile_sidebar_fill_color": "DDEEF6", "entities": {"description": {"urls": []}}, "followers_count": 41, "profile_sidebar_border_color": "C0DEED", "id_str": "328474622", "profile_background_color": "C0DEED", "listed_count": 0, "is_translation_enabled": false, "utc_offset": null, "statuses_count": 2222, "description": "", "friends_count": 154, "location": "north Queensland ,'straylia ", "profile_link_color": "0084B4", "profile_image_url": "http://pbs.twimg.com/profile_images/2551791454/4r8qshzu0qwxb215d204_normal.jpeg", "following": false, "geo_enabled": false, "profile_background_image_url": "http://abs.twimg.com/images/themes/theme1/bg.png", "name": "Colin Livesey", "lang": "en", "profile_background_tile": false, "favourites_count": 25, "screen_name": "col_livesey", "notifications": false, "url": null, "created_at": "Sun Jul 03 12:56:02 +0000 2011", "contributors_enabled": false, "time_zone": null, "protected": false, "default_profile": true, "is_translator": false}, "geo": null, "in_reply_to_user_id_str": "16834659", "lang": "en", "created_at": "Mon Dec 15 00:02:46 +0000 2014", "in_reply_to_status_id_str": "544277117039837184", "place": null}
