{"contributors": null, "truncated": false, "text": "@rachflit @SkyNewsAust you say what? Blackout? How will the hide the budget then?", "in_reply_to_status_id": 544277353900154880, "id": 544278198150647809, "favorite_count": 0, "source": "<a href=\"http://twitter.com/download/android\" rel=\"nofollow\">Twitter for Android</a>", "retweeted": false, "coordinates": null, "entities": {"symbols": [], "user_mentions": [{"id": 71194194, "indices": [0, 9], "id_str": "71194194", "screen_name": "rachflit", "name": "Rachel Flit"}, {"id": 16834659, "indices": [10, 22], "id_str": "16834659", "screen_name": "SkyNewsAust", "name": "Sky News Australia"}], "hashtags": [], "urls": []}, "in_reply_to_screen_name": "rachflit", "id_str": "544278198150647809", "retweet_count": 0, "in_reply_to_user_id": 71194194, "favorited": false, "user": {"follow_request_sent": false, "profile_use_background_image": true, "profile_text_color": "333333", "default_profile_image": false, "id": 57625784, "profile_background_image_url_https": "https://abs.twimg.com/images/themes/theme1/bg.png", "verified": false, "profile_location": null, "profile_image_url_https": "https://pbs.twimg.com/profile_images/529842634244644866/PzXXhd_B_normal.png", "profile_sidebar_fill_color": "DDEEF6", "entities": {"description": {"urls": []}}, "followers_count": 204, "profile_sidebar_border_color": "C0DEED", "id_str": "57625784", "profile_background_color": "C0DEED", "listed_count": 2, "is_translation_enabled": false, "utc_offset": 39600, "statuses_count": 5098, "description": "Anarchist, Vegetarian. All life is equal, except Zionists. Australian apathy and the benefiting politicians are all fucked. Revolution!!! #auspol", "friends_count": 349, "location": "Newcastle", "profile_link_color": "0084B4", "profile_image_url": "http://pbs.twimg.com/profile_images/529842634244644866/PzXXhd_B_normal.png", "following": false, "geo_enabled": false, "profile_banner_url": "https://pbs.twimg.com/profile_banners/57625784/1392677000", "profile_background_image_url": "http://abs.twimg.com/images/themes/theme1/bg.png", "name": "Dr Golightly", "lang": "en", "profile_background_tile": false, "favourites_count": 1022, "screen_name": "DrGolightly", "notifications": false, "url": null, "created_at": "Fri Jul 17 12:08:13 +0000 2009", "contributors_enabled": false, "time_zone": "Sydney", "protected": false, "default_profile": true, "is_translator": false}, "geo": null, "in_reply_to_user_id_str": "71194194", "lang": "en", "created_at": "Sun Dec 14 23:50:09 +0000 2014", "in_reply_to_status_id_str": "544277353900154880", "place": null}
