{"contributors": null, "truncated": false, "text": "@DrozAnn @riwired @SkyNewsAust @liztilley84 along with all life hating alan vomit jones listeners too, thatd help, the redneck brigade.", "in_reply_to_status_id": 544280357760024576, "id": 544308681337106432, "favorite_count": 0, "source": "<a href=\"http://twitter.com\" rel=\"nofollow\">Twitter Web Client</a>", "retweeted": false, "coordinates": null, "entities": {"symbols": [], "user_mentions": [{"id": 2351613186, "indices": [0, 8], "id_str": "2351613186", "screen_name": "DrozAnn", "name": "Ann Droz"}, {"id": 30122242, "indices": [9, 17], "id_str": "30122242", "screen_name": "riwired", "name": "RiWired"}, {"id": 16834659, "indices": [18, 30], "id_str": "16834659", "screen_name": "SkyNewsAust", "name": "Sky News Australia"}, {"id": 1269181292, "indices": [31, 43], "id_str": "1269181292", "screen_name": "liztilley84", "name": "Elizabeth Tilley"}], "hashtags": [], "urls": []}, "in_reply_to_screen_name": "DrozAnn", "id_str": "544308681337106432", "retweet_count": 1, "in_reply_to_user_id": 2351613186, "favorited": false, "user": {"follow_request_sent": false, "profile_use_background_image": true, "profile_text_color": "333333", "default_profile_image": true, "id": 229994594, "profile_background_image_url_https": "https://abs.twimg.com/images/themes/theme1/bg.png", "verified": false, "profile_location": null, "profile_image_url_https": "https://abs.twimg.com/sticky/default_profile_images/default_profile_4_normal.png", "profile_sidebar_fill_color": "DDEEF6", "entities": {"description": {"urls": []}}, "followers_count": 303, "profile_sidebar_border_color": "C0DEED", "id_str": "229994594", "profile_background_color": "C0DEED", "listed_count": 6, "is_translation_enabled": false, "utc_offset": null, "statuses_count": 10006, "description": "LEFT of centre,loves boxer dogs, chess,green issues, the ocean, animals, bushwalking,reading,Collingwood magpies,history,music,blues, rock,dining out,politics", "friends_count": 265, "location": "Mt Evelyn", "profile_link_color": "0084B4", "profile_image_url": "http://abs.twimg.com/sticky/default_profile_images/default_profile_4_normal.png", "following": false, "geo_enabled": false, "profile_background_image_url": "http://abs.twimg.com/images/themes/theme1/bg.png", "name": "Stephen James.", "lang": "en", "profile_background_tile": false, "favourites_count": 14, "screen_name": "piesnchess", "notifications": false, "url": null, "created_at": "Thu Dec 23 23:27:24 +0000 2010", "contributors_enabled": false, "time_zone": null, "protected": false, "default_profile": true, "is_translator": false}, "geo": null, "in_reply_to_user_id_str": "2351613186", "lang": "en", "created_at": "Mon Dec 15 01:51:17 +0000 2014", "in_reply_to_status_id_str": "544280357760024576", "place": null}
