{"contributors": null, "truncated": false, "text": "@col_livesey \nI know, it was mostly aimed at @SkyNewsAust   but thought you would also be interested in that piece", "in_reply_to_status_id": 544310742086717441, "id": 544311853409529856, "favorite_count": 0, "source": "<a href=\"http://twitter.com/download/android\" rel=\"nofollow\">Twitter for Android</a>", "retweeted": false, "coordinates": null, "entities": {"symbols": [], "user_mentions": [{"id": 328474622, "indices": [0, 12], "id_str": "328474622", "screen_name": "col_livesey", "name": "Colin Livesey"}, {"id": 16834659, "indices": [45, 57], "id_str": "16834659", "screen_name": "SkyNewsAust", "name": "Sky News Australia"}], "hashtags": [], "urls": []}, "in_reply_to_screen_name": "col_livesey", "id_str": "544311853409529856", "retweet_count": 0, "in_reply_to_user_id": 328474622, "favorited": false, "user": {"follow_request_sent": false, "profile_use_background_image": true, "profile_text_color": "333333", "default_profile_image": false, "id": 1343325901, "profile_background_image_url_https": "https://abs.twimg.com/images/themes/theme1/bg.png", "verified": false, "profile_location": null, "profile_image_url_https": "https://pbs.twimg.com/profile_images/492603727400824832/BI_ugHxG_normal.jpeg", "profile_sidebar_fill_color": "DDEEF6", "entities": {"description": {"urls": []}}, "followers_count": 162, "profile_sidebar_border_color": "C0DEED", "id_str": "1343325901", "profile_background_color": "C0DEED", "listed_count": 0, "is_translation_enabled": false, "utc_offset": null, "statuses_count": 9674, "description": "If you follow just to get a follow then unfollow, I will block.", "friends_count": 263, "location": "", "profile_link_color": "0084B4", "profile_image_url": "http://pbs.twimg.com/profile_images/492603727400824832/BI_ugHxG_normal.jpeg", "following": false, "geo_enabled": true, "profile_banner_url": "https://pbs.twimg.com/profile_banners/1343325901/1406280804", "profile_background_image_url": "http://abs.twimg.com/images/themes/theme1/bg.png", "name": "justsayingDMY ", "lang": "en", "profile_background_tile": false, "favourites_count": 536, "screen_name": "justsayingDMY", "notifications": false, "url": null, "created_at": "Thu Apr 11 02:07:21 +0000 2013", "contributors_enabled": false, "time_zone": null, "protected": false, "default_profile": true, "is_translator": false}, "geo": null, "in_reply_to_user_id_str": "328474622", "lang": "en", "created_at": "Mon Dec 15 02:03:53 +0000 2014", "in_reply_to_status_id_str": "544310742086717441", "place": null}
