{"contributors": null, "truncated": false, "text": "@emilygoyaars @riwired @SkyNewsAust apparantely this loner is not isis, and I don't think cowboy comments like this help right now.", "in_reply_to_status_id": 544280441151574016, "id": 544306676619173889, "favorite_count": 0, "source": "<a href=\"http://twitter.com\" rel=\"nofollow\">Twitter Web Client</a>", "retweeted": false, "coordinates": null, "entities": {"symbols": [], "user_mentions": [{"id": 821330863, "indices": [0, 13], "id_str": "821330863", "screen_name": "emilygoyaars", "name": "emily"}, {"id": 30122242, "indices": [14, 22], "id_str": "30122242", "screen_name": "riwired", "name": "RiWired"}, {"id": 16834659, "indices": [23, 35], "id_str": "16834659", "screen_name": "SkyNewsAust", "name": "Sky News Australia"}], "hashtags": [], "urls": []}, "in_reply_to_screen_name": "emilygoyaars", "id_str": "544306676619173889", "retweet_count": 0, "in_reply_to_user_id": 821330863, "favorited": false, "user": {"follow_request_sent": false, "profile_use_background_image": true, "profile_text_color": "333333", "default_profile_image": true, "id": 229994594, "profile_background_image_url_https": "https://abs.twimg.com/images/themes/theme1/bg.png", "verified": false, "profile_location": null, "profile_image_url_https": "https://abs.twimg.com/sticky/default_profile_images/default_profile_4_normal.png", "profile_sidebar_fill_color": "DDEEF6", "entities": {"description": {"urls": []}}, "followers_count": 303, "profile_sidebar_border_color": "C0DEED", "id_str": "229994594", "profile_background_color": "C0DEED", "listed_count": 6, "is_translation_enabled": false, "utc_offset": null, "statuses_count": 10006, "description": "LEFT of centre,loves boxer dogs, chess,green issues, the ocean, animals, bushwalking,reading,Collingwood magpies,history,music,blues, rock,dining out,politics", "friends_count": 265, "location": "Mt Evelyn", "profile_link_color": "0084B4", "profile_image_url": "http://abs.twimg.com/sticky/default_profile_images/default_profile_4_normal.png", "following": false, "geo_enabled": false, "profile_background_image_url": "http://abs.twimg.com/images/themes/theme1/bg.png", "name": "Stephen James.", "lang": "en", "profile_background_tile": false, "favourites_count": 14, "screen_name": "piesnchess", "notifications": false, "url": null, "created_at": "Thu Dec 23 23:27:24 +0000 2010", "contributors_enabled": false, "time_zone": null, "protected": false, "default_profile": true, "is_translator": false}, "geo": null, "in_reply_to_user_id_str": "821330863", "lang": "en", "created_at": "Mon Dec 15 01:43:19 +0000 2014", "in_reply_to_status_id_str": "544280441151574016", "place": null}
