{"contributors": null, "truncated": false, "text": "@piesnchess @riwired @SkyNewsAust @liztilley84 People should be kind to each other and live together no matter which religion.", "in_reply_to_status_id": 544308681337106432, "id": 544316325468725248, "favorite_count": 0, "source": "<a href=\"http://twitter.com/download/iphone\" rel=\"nofollow\">Twitter for iPhone</a>", "retweeted": false, "coordinates": null, "entities": {"symbols": [], "user_mentions": [{"id": 229994594, "indices": [0, 11], "id_str": "229994594", "screen_name": "piesnchess", "name": "Stephen James."}, {"id": 30122242, "indices": [12, 20], "id_str": "30122242", "screen_name": "riwired", "name": "RiWired"}, {"id": 16834659, "indices": [21, 33], "id_str": "16834659", "screen_name": "SkyNewsAust", "name": "Sky News Australia"}, {"id": 1269181292, "indices": [34, 46], "id_str": "1269181292", "screen_name": "liztilley84", "name": "Elizabeth Tilley"}], "hashtags": [], "urls": []}, "in_reply_to_screen_name": "piesnchess", "id_str": "544316325468725248", "retweet_count": 0, "in_reply_to_user_id": 229994594, "favorited": false, "user": {"follow_request_sent": false, "profile_use_background_image": true, "profile_text_color": "333333", "default_profile_image": false, "id": 2351613186, "profile_background_image_url_https": "https://abs.twimg.com/images/themes/theme1/bg.png", "verified": false, "profile_location": null, "profile_image_url_https": "https://pbs.twimg.com/profile_images/436120889533288449/zREotgBd_normal.jpeg", "profile_sidebar_fill_color": "DDEEF6", "entities": {"description": {"urls": []}}, "followers_count": 24, "profile_sidebar_border_color": "C0DEED", "id_str": "2351613186", "profile_background_color": "C0DEED", "listed_count": 1, "is_translation_enabled": false, "utc_offset": null, "statuses_count": 307, "description": "Humanitarian, Philosopher, Chef", "friends_count": 50, "location": "Australia", "profile_link_color": "0084B4", "profile_image_url": "http://pbs.twimg.com/profile_images/436120889533288449/zREotgBd_normal.jpeg", "following": false, "geo_enabled": false, "profile_banner_url": "https://pbs.twimg.com/profile_banners/2351613186/1413936074", "profile_background_image_url": "http://abs.twimg.com/images/themes/theme1/bg.png", "name": "Ann Droz", "lang": "en", "profile_background_tile": false, "favourites_count": 45, "screen_name": "DrozAnn", "notifications": false, "url": null, "created_at": "Wed Feb 19 12:30:20 +0000 2014", "contributors_enabled": false, "time_zone": null, "protected": false, "default_profile": true, "is_translator": false}, "geo": null, "in_reply_to_user_id_str": "229994594", "lang": "en", "created_at": "Mon Dec 15 02:21:39 +0000 2014", "in_reply_to_status_id_str": "544308681337106432", "place": null}
