{"contributors": null, "truncated": false, "text": "@BlueTieBloke @SkyNewsAust @ka_robo @liztilley84 @riwired Agree when left/muslims deny IS is islamic it is a clear cut case of #Islamaphobia", "in_reply_to_status_id": 544277972597755904, "id": 544306571350921216, "favorite_count": 1, "source": "<a href=\"https://about.twitter.com/products/tweetdeck\" rel=\"nofollow\">TweetDeck</a>", "retweeted": false, "coordinates": null, "entities": {"symbols": [], "user_mentions": [{"id": 1508109590, "indices": [0, 13], "id_str": "1508109590", "screen_name": "BlueTieBloke", "name": "Gary Blue"}, {"id": 16834659, "indices": [14, 26], "id_str": "16834659", "screen_name": "SkyNewsAust", "name": "Sky News Australia"}, {"id": 1607528220, "indices": [27, 35], "id_str": "1607528220", "screen_name": "ka_robo", "name": "KA"}, {"id": 1269181292, "indices": [36, 48], "id_str": "1269181292", "screen_name": "liztilley84", "name": "Elizabeth Tilley"}, {"id": 30122242, "indices": [49, 57], "id_str": "30122242", "screen_name": "riwired", "name": "RiWired"}], "hashtags": [{"indices": [127, 140], "text": "Islamaphobia"}], "urls": []}, "in_reply_to_screen_name": "BlueTieBloke", "id_str": "544306571350921216", "retweet_count": 1, "in_reply_to_user_id": 1508109590, "favorited": false, "user": {"follow_request_sent": false, "profile_use_background_image": true, "profile_text_color": "7C5548", "default_profile_image": false, "id": 225282844, "profile_background_image_url_https": "https://pbs.twimg.com/profile_background_images/509944265107988480/NtDzJfjj.jpeg", "verified": false, "profile_location": null, "profile_image_url_https": "https://pbs.twimg.com/profile_images/512612337308545024/QFeZFH8O_normal.png", "profile_sidebar_fill_color": "4F0407", "entities": {"url": {"urls": [{"url": "http://t.co/FU9PhzvymE", "indices": [0, 22], "expanded_url": "http://www.halalchoices.com.au/product_lists_nonhalal.html", "display_url": "halalchoices.com.au/product_lists_\u2026"}]}, "description": {"urls": []}}, "followers_count": 3016, "profile_sidebar_border_color": "FFFFFF", "id_str": "225282844", "profile_background_color": "131516", "listed_count": 61, "is_translation_enabled": false, "utc_offset": -36000, "statuses_count": 46692, "description": "\u00b0Respect ANZAC\r\n\u00b0Save ALL animals from Green culls\r\n\u00b0Fight Political correctness & Islam to free Australia \r\n\u00b0Moderate\r\n\u00b0Female, I swear & won't toe party line", "friends_count": 2830, "location": "I am #HalalFREE", "profile_link_color": "4A913C", "profile_image_url": "http://pbs.twimg.com/profile_images/512612337308545024/QFeZFH8O_normal.png", "following": false, "geo_enabled": false, "profile_banner_url": "https://pbs.twimg.com/profile_banners/225282844/1418889251", "profile_background_image_url": "http://pbs.twimg.com/profile_background_images/509944265107988480/NtDzJfjj.jpeg", "name": "LittleWombats666", "lang": "en", "profile_background_tile": false, "favourites_count": 678, "screen_name": "LittleWombat666", "notifications": false, "url": "http://t.co/FU9PhzvymE", "created_at": "Sat Dec 11 05:43:20 +0000 2010", "contributors_enabled": false, "time_zone": "Hawaii", "protected": false, "default_profile": false, "is_translator": false}, "geo": null, "in_reply_to_user_id_str": "1508109590", "lang": "en", "created_at": "Mon Dec 15 01:42:53 +0000 2014", "in_reply_to_status_id_str": "544277972597755904", "place": null}
