{"contributors": null, "truncated": false, "text": "@rachflit @SkyNewsAust ...It's Jihadists. Copying dumbassery has kind of been their bag for centuries.", "in_reply_to_status_id": 544277353900154880, "id": 544345616265261056, "favorite_count": 0, "source": "<a href=\"https://twitter.com/download/android\" rel=\"nofollow\">Twitter for Android Tablets</a>", "retweeted": false, "coordinates": null, "entities": {"symbols": [], "user_mentions": [{"id": 71194194, "indices": [0, 9], "id_str": "71194194", "screen_name": "rachflit", "name": "Rachel Flit"}, {"id": 16834659, "indices": [10, 22], "id_str": "16834659", "screen_name": "SkyNewsAust", "name": "Sky News Australia"}], "hashtags": [], "urls": []}, "in_reply_to_screen_name": "rachflit", "id_str": "544345616265261056", "retweet_count": 0, "in_reply_to_user_id": 71194194, "favorited": false, "user": {"follow_request_sent": false, "profile_use_background_image": true, "profile_text_color": "333333", "default_profile_image": false, "id": 2782041548, "profile_background_image_url_https": "https://abs.twimg.com/images/themes/theme1/bg.png", "verified": false, "profile_location": null, "profile_image_url_https": "https://pbs.twimg.com/profile_images/522979397406445569/8x8Wj1dm_normal.png", "profile_sidebar_fill_color": "DDEEF6", "entities": {"description": {"urls": []}}, "followers_count": 1057, "profile_sidebar_border_color": "C0DEED", "id_str": "2782041548", "profile_background_color": "C0DEED", "listed_count": 7, "is_translation_enabled": false, "utc_offset": null, "statuses_count": 6364, "description": "Life is more fun if you play games.", "friends_count": 1998, "location": "", "profile_link_color": "0084B4", "profile_image_url": "http://pbs.twimg.com/profile_images/522979397406445569/8x8Wj1dm_normal.png", "following": false, "geo_enabled": false, "profile_banner_url": "https://pbs.twimg.com/profile_banners/2782041548/1409508799", "profile_background_image_url": "http://abs.twimg.com/images/themes/theme1/bg.png", "name": "Ryan Peters", "lang": "en", "profile_background_tile": false, "favourites_count": 2826, "screen_name": "Xuchilbara89", "notifications": false, "url": null, "created_at": "Sun Aug 31 10:27:51 +0000 2014", "contributors_enabled": false, "time_zone": null, "protected": false, "default_profile": true, "is_translator": false}, "geo": null, "in_reply_to_user_id_str": "71194194", "lang": "en", "created_at": "Mon Dec 15 04:18:03 +0000 2014", "in_reply_to_status_id_str": "544277353900154880", "place": null}
