{"contributors": null, "truncated": false, "text": "@7NewsSydney @Y7News  please dont scare people by speculating whats gonna happen.. My prayers to all the people taken hostaged.. :(", "in_reply_to_status_id": 544310853613281281, "id": 544323425993371649, "favorite_count": 0, "source": "<a href=\"http://twitter.com/download/android\" rel=\"nofollow\">Twitter for Android</a>", "retweeted": false, "coordinates": null, "entities": {"symbols": [], "user_mentions": [{"id": 156464691, "indices": [0, 12], "id_str": "156464691", "screen_name": "7NewsSydney", "name": "7 News Sydney"}, {"id": 63362429, "indices": [13, 20], "id_str": "63362429", "screen_name": "Y7News", "name": "7News Yahoo!7 "}], "hashtags": [], "urls": []}, "in_reply_to_screen_name": "7NewsSydney", "id_str": "544323425993371649", "retweet_count": 0, "in_reply_to_user_id": 156464691, "favorited": false, "user": {"follow_request_sent": false, "profile_use_background_image": true, "profile_text_color": "333333", "default_profile_image": true, "id": 40341289, "profile_background_image_url_https": "https://abs.twimg.com/images/themes/theme1/bg.png", "verified": false, "profile_location": null, "profile_image_url_https": "https://abs.twimg.com/sticky/default_profile_images/default_profile_2_normal.png", "profile_sidebar_fill_color": "DDEEF6", "entities": {"description": {"urls": []}}, "followers_count": 6, "profile_sidebar_border_color": "C0DEED", "id_str": "40341289", "profile_background_color": "C0DEED", "listed_count": 0, "is_translation_enabled": false, "utc_offset": 36000, "statuses_count": 4, "description": "", "friends_count": 8, "location": "", "profile_link_color": "0084B4", "profile_image_url": "http://abs.twimg.com/sticky/default_profile_images/default_profile_2_normal.png", "following": false, "geo_enabled": false, "profile_background_image_url": "http://abs.twimg.com/images/themes/theme1/bg.png", "name": "Thanh Tu", "lang": "en", "profile_background_tile": false, "favourites_count": 1, "screen_name": "tqtu", "notifications": false, "url": null, "created_at": "Fri May 15 21:44:21 +0000 2009", "contributors_enabled": false, "time_zone": "Brisbane", "protected": false, "default_profile": true, "is_translator": false}, "geo": null, "in_reply_to_user_id_str": "156464691", "lang": "en", "created_at": "Mon Dec 15 02:49:52 +0000 2014", "in_reply_to_status_id_str": "544310853613281281", "place": null}
