{"contributors":null,"truncated":false,"text":"\u201c@7NewsSydney: The Sydney cafe siege may be part of a larger plot. @Y7News #MartinPlaceSiege http:\/\/t.co\/D6ucJKSuNv http:\/\/t.co\/OSFD2ZhPbz\u201d","in_reply_to_status_id":544310853613281281,"id":544350222194053120,"favorite_count":0,"source":"<a href=\"http:\/\/twitter.com\/download\/iphone\" rel=\"nofollow\">Twitter for iPhone<\/a>","retweeted":false,"coordinates":null,"entities":{"symbols":[],"user_mentions":[{"id":156464691,"indices":[1,13],"id_str":"156464691","screen_name":"7NewsSydney","name":"7 News Sydney"},{"id":63362429,"indices":[67,74],"id_str":"63362429","screen_name":"Y7News","name":"7News Yahoo!7 "}],"hashtags":[{"indices":[75,92],"text":"MartinPlaceSiege"}],"urls":[{"url":"http:\/\/t.co\/D6ucJKSuNv","indices":[93,115],"expanded_url":"http:\/\/au.news.yahoo.com\/video\/watch\/25773418\/attack-may-be-apart-of-larger-plot\/?cmp=twitter","display_url":"au.news.yahoo.com\/video\/watch\/25\u2026"}],"media":[{"source_user_id":156464691,"source_status_id_str":"544310853613281281","expanded_url":"http:\/\/twitter.com\/7NewsSydney\/status\/544310853613281281\/photo\/1","display_url":"pic.twitter.com\/OSFD2ZhPbz","url":"http:\/\/t.co\/OSFD2ZhPbz","media_url_https":"https:\/\/pbs.twimg.com\/media\/B43H1b9CMAAiEI8.jpg","source_user_id_str":"156464691","source_status_id":544310853613281281,"id_str":"544310850832445440","sizes":{"large":{"h":238,"resize":"fit","w":423},"small":{"h":190,"resize":"fit","w":340},"medium":{"h":238,"resize":"fit","w":423},"thumb":{"h":150,"resize":"crop","w":150}},"indices":[116,138],"type":"photo","id":544310850832445440,"media_url":"http:\/\/pbs.twimg.com\/media\/B43H1b9CMAAiEI8.jpg"}]},"in_reply_to_screen_name":"7NewsSydney","id_str":"544350222194053120","retweet_count":0,"in_reply_to_user_id":156464691,"favorited":false,"user":{"follow_request_sent":false,"profile_use_background_image":true,"profile_text_color":"333333","default_profile_image":false,"id":31431069,"profile_background_image_url_https":"https:\/\/pbs.twimg.com\/profile_background_images\/8626164\/50star.gif","verified":false,"profile_location":null,"profile_image_url_https":"https:\/\/pbs.twimg.com\/profile_images\/581776026654642176\/lJ1ZEBbO_normal.jpg","profile_sidebar_fill_color":"DDFFCC","entities":{"description":{"urls":[]}},"followers_count":691,"profile_sidebar_border_color":"BDDCAD","id_str":"31431069","profile_background_color":"9AE4E8","listed_count":18,"is_translation_enabled":false,"utc_offset":-18000,"statuses_count":5194,"description":"God,Family,Friends,EMS,Fire Rehab Svcs.,911 Telecommunicator,Photography,The Prime Directive,Conservatism,Common Sense,,The Truth! Instagram: PSTURGIS9105","friends_count":1378,"location":"Winthrop,MA, USA","profile_link_color":"0084B4","profile_image_url":"http:\/\/pbs.twimg.com\/profile_images\/581776026654642176\/lJ1ZEBbO_normal.jpg","following":false,"geo_enabled":false,"profile_banner_url":"https:\/\/pbs.twimg.com\/profile_banners\/31431069\/1398895940","profile_background_image_url":"http:\/\/pbs.twimg.com\/profile_background_images\/8626164\/50star.gif","name":"Peter G.Sturgis(95X)","lang":"en","profile_background_tile":true,"favourites_count":575,"screen_name":"psturgis9105","notifications":false,"url":null,"created_at":"Wed Apr 15 15:18:43 +0000 2009","contributors_enabled":false,"time_zone":"Eastern Time (US & Canada)","protected":false,"default_profile":false,"is_translator":false},"geo":null,"in_reply_to_user_id_str":"156464691","possibly_sensitive":false,"lang":"en","created_at":"Mon Dec 15 04:36:21 +0000 2014","in_reply_to_status_id_str":"544310853613281281","place":null,"extended_entities":{"media":[{"source_user_id":156464691,"source_status_id_str":"544310853613281281","expanded_url":"http:\/\/twitter.com\/7NewsSydney\/status\/544310853613281281\/photo\/1","display_url":"pic.twitter.com\/OSFD2ZhPbz","url":"http:\/\/t.co\/OSFD2ZhPbz","media_url_https":"https:\/\/pbs.twimg.com\/media\/B43H1b9CMAAiEI8.jpg","source_user_id_str":"156464691","source_status_id":544310853613281281,"id_str":"544310850832445440","sizes":{"large":{"h":238,"resize":"fit","w":423},"small":{"h":190,"resize":"fit","w":340},"medium":{"h":238,"resize":"fit","w":423},"thumb":{"h":150,"resize":"crop","w":150}},"indices":[116,138],"type":"photo","id":544310850832445440,"media_url":"http:\/\/pbs.twimg.com\/media\/B43H1b9CMAAiEI8.jpg"}]}}