{"contributors":null,"truncated":false,"text":"RT \u201c@7NewsSydney: The Sydney cafe siege may be part of a larger plot. #MartinPlaceSiege http:\/\/t.co\/wZ2bmrC2AA http:\/\/t.co\/qNwgDycEWn\u201d","in_reply_to_status_id":544310853613281281,"id":544322736806711296,"favorite_count":0,"source":"<a href=\"http:\/\/twitter.com\/download\/iphone\" rel=\"nofollow\">Twitter for iPhone<\/a>","retweeted":false,"coordinates":null,"entities":{"symbols":[],"user_mentions":[{"id":156464691,"indices":[4,16],"id_str":"156464691","screen_name":"7NewsSydney","name":"7 News Sydney"}],"hashtags":[{"indices":[70,87],"text":"MartinPlaceSiege"}],"urls":[{"url":"http:\/\/t.co\/wZ2bmrC2AA","indices":[88,110],"expanded_url":"http:\/\/au.news.yahoo.com\/video\/watch\/25773418\/attack-may-be-apart-of-larger-plot\/?cmp=twitter","display_url":"au.news.yahoo.com\/video\/watch\/25\u2026"}],"media":[{"source_user_id":156464691,"source_status_id_str":"544310853613281281","expanded_url":"http:\/\/twitter.com\/7NewsSydney\/status\/544310853613281281\/photo\/1","display_url":"pic.twitter.com\/qNwgDycEWn","url":"http:\/\/t.co\/qNwgDycEWn","media_url_https":"https:\/\/pbs.twimg.com\/media\/B43H1b9CMAAiEI8.jpg","source_user_id_str":"156464691","source_status_id":544310853613281281,"id_str":"544310850832445440","sizes":{"large":{"h":238,"resize":"fit","w":423},"small":{"h":190,"resize":"fit","w":340},"medium":{"h":238,"resize":"fit","w":423},"thumb":{"h":150,"resize":"crop","w":150}},"indices":[111,133],"type":"photo","id":544310850832445440,"media_url":"http:\/\/pbs.twimg.com\/media\/B43H1b9CMAAiEI8.jpg"}]},"in_reply_to_screen_name":"7NewsSydney","id_str":"544322736806711296","retweet_count":1,"in_reply_to_user_id":156464691,"favorited":false,"user":{"follow_request_sent":false,"profile_use_background_image":false,"profile_text_color":"333333","default_profile_image":false,"id":17876008,"profile_background_image_url_https":"https:\/\/abs.twimg.com\/images\/themes\/theme1\/bg.png","verified":false,"profile_location":null,"profile_image_url_https":"https:\/\/pbs.twimg.com\/profile_images\/589573977149845504\/ViIOF_Oa_normal.jpg","profile_sidebar_fill_color":"FFFFFF","entities":{"url":{"urls":[{"url":"http:\/\/t.co\/i1pOnjYEd2","indices":[0,22],"expanded_url":"http:\/\/www.lvrj.com\/blogs\/sherm","display_url":"lvrj.com\/blogs\/sherm"}]},"description":{"urls":[]}},"followers_count":1899,"profile_sidebar_border_color":"912C00","id_str":"17876008","profile_background_color":"1B2941","listed_count":91,"is_translation_enabled":false,"utc_offset":-28800,"statuses_count":19255,"description":"Writer. Owner of Battle Born Media newspapers. Member of the Nevada Newspaper Hall of Fame. Gun owner. Episcopal priest. Friend to dogs.","friends_count":926,"location":"Las Vegas","profile_link_color":"0000FF","profile_image_url":"http:\/\/pbs.twimg.com\/profile_images\/589573977149845504\/ViIOF_Oa_normal.jpg","following":false,"geo_enabled":true,"profile_banner_url":"https:\/\/pbs.twimg.com\/profile_banners\/17876008\/1403741987","profile_background_image_url":"http:\/\/abs.twimg.com\/images\/themes\/theme1\/bg.png","name":"Sherman Frederick","lang":"en","profile_background_tile":false,"favourites_count":77,"screen_name":"shermfrederick","notifications":false,"url":"http:\/\/t.co\/i1pOnjYEd2","created_at":"Thu Dec 04 19:37:08 +0000 2008","contributors_enabled":false,"time_zone":"Pacific Time (US & Canada)","protected":false,"default_profile":false,"is_translator":false},"geo":null,"in_reply_to_user_id_str":"156464691","possibly_sensitive":false,"lang":"en","created_at":"Mon Dec 15 02:47:08 +0000 2014","in_reply_to_status_id_str":"544310853613281281","place":null,"extended_entities":{"media":[{"source_user_id":156464691,"source_status_id_str":"544310853613281281","expanded_url":"http:\/\/twitter.com\/7NewsSydney\/status\/544310853613281281\/photo\/1","display_url":"pic.twitter.com\/qNwgDycEWn","url":"http:\/\/t.co\/qNwgDycEWn","media_url_https":"https:\/\/pbs.twimg.com\/media\/B43H1b9CMAAiEI8.jpg","source_user_id_str":"156464691","source_status_id":544310853613281281,"id_str":"544310850832445440","sizes":{"large":{"h":238,"resize":"fit","w":423},"small":{"h":190,"resize":"fit","w":340},"medium":{"h":238,"resize":"fit","w":423},"thumb":{"h":150,"resize":"crop","w":150}},"indices":[111,133],"type":"photo","id":544310850832445440,"media_url":"http:\/\/pbs.twimg.com\/media\/B43H1b9CMAAiEI8.jpg"}]}}