{"contributors": null, "truncated": false, "text": "@ZZiillaa @jewelsparkle3 @7NewsSydney @Y7News She'll repeat every thing as if we're all stupid.", "in_reply_to_status_id": 544314470793613313, "id": 544315647182651392, "favorite_count": 2, "source": "<a href=\"http://twitter.com/download/iphone\" rel=\"nofollow\">Twitter for iPhone</a>", "retweeted": false, "coordinates": null, "entities": {"symbols": [], "user_mentions": [{"id": 185554632, "indices": [0, 9], "id_str": "185554632", "screen_name": "ZZiillaa", "name": "kayak"}, {"id": 352859537, "indices": [10, 24], "id_str": "352859537", "screen_name": "jewelsparkle3", "name": " Sparkles3"}, {"id": 156464691, "indices": [25, 37], "id_str": "156464691", "screen_name": "7NewsSydney", "name": "7 News Sydney"}, {"id": 63362429, "indices": [38, 45], "id_str": "63362429", "screen_name": "Y7News", "name": "7News Yahoo!7 "}], "hashtags": [], "urls": []}, "in_reply_to_screen_name": "ZZiillaa", "id_str": "544315647182651392", "retweet_count": 0, "in_reply_to_user_id": 185554632, "favorited": false, "user": {"follow_request_sent": false, "profile_use_background_image": true, "profile_text_color": "663B12", "default_profile_image": false, "id": 561970498, "profile_background_image_url_https": "https://abs.twimg.com/images/themes/theme2/bg.gif", "verified": false, "profile_location": null, "profile_image_url_https": "https://pbs.twimg.com/profile_images/452845458310721536/1yPZN-Kr_normal.jpeg", "profile_sidebar_fill_color": "DAECF4", "entities": {"description": {"urls": []}}, "followers_count": 1172, "profile_sidebar_border_color": "C6E2EE", "id_str": "561970498", "profile_background_color": "C6E2EE", "listed_count": 23, "is_translation_enabled": false, "utc_offset": 39600, "statuses_count": 24964, "description": "Proud Aussie tired of our Rights & Freedoms being pissed on by those on the Left. Australia, Love it, or Leave. Anti Islam. Anti Unions", "friends_count": 753, "location": "Melbourne, Australia.", "profile_link_color": "1F98C7", "profile_image_url": "http://pbs.twimg.com/profile_images/452845458310721536/1yPZN-Kr_normal.jpeg", "following": false, "geo_enabled": false, "profile_banner_url": "https://pbs.twimg.com/profile_banners/561970498/1397416948", "profile_background_image_url": "http://abs.twimg.com/images/themes/theme2/bg.gif", "name": "Earl of Ross\u00a9o", "lang": "en", "profile_background_tile": false, "favourites_count": 17395, "screen_name": "RPW260567", "notifications": false, "url": null, "created_at": "Tue Apr 24 12:09:34 +0000 2012", "contributors_enabled": false, "time_zone": "Melbourne", "protected": false, "default_profile": false, "is_translator": false}, "geo": null, "in_reply_to_user_id_str": "185554632", "lang": "en", "created_at": "Mon Dec 15 02:18:57 +0000 2014", "in_reply_to_status_id_str": "544314470793613313", "place": null}
