{"contributors": null, "truncated": false, "text": "@7NewsSydney @Y7News your coverage is shameful , stick to the facts ...", "in_reply_to_status_id": 544310853613281281, "id": 544323742004813824, "favorite_count": 1, "source": "<a href=\"http://twitter.com/download/iphone\" rel=\"nofollow\">Twitter for iPhone</a>", "retweeted": false, "coordinates": null, "entities": {"symbols": [], "user_mentions": [{"id": 156464691, "indices": [0, 12], "id_str": "156464691", "screen_name": "7NewsSydney", "name": "7 News Sydney"}, {"id": 63362429, "indices": [13, 20], "id_str": "63362429", "screen_name": "Y7News", "name": "7News Yahoo!7 "}], "hashtags": [], "urls": []}, "in_reply_to_screen_name": "7NewsSydney", "id_str": "544323742004813824", "retweet_count": 0, "in_reply_to_user_id": 156464691, "favorited": false, "user": {"follow_request_sent": false, "profile_use_background_image": true, "profile_text_color": "333333", "default_profile_image": false, "id": 384104211, "profile_background_image_url_https": "https://abs.twimg.com/images/themes/theme1/bg.png", "verified": false, "profile_location": null, "profile_image_url_https": "https://pbs.twimg.com/profile_images/448934712342372352/bq5Aao7S_normal.jpeg", "profile_sidebar_fill_color": "DDEEF6", "entities": {"description": {"urls": []}}, "followers_count": 33, "profile_sidebar_border_color": "C0DEED", "id_str": "384104211", "profile_background_color": "C0DEED", "listed_count": 1, "is_translation_enabled": false, "utc_offset": null, "statuses_count": 37, "description": "", "friends_count": 264, "location": "australia", "profile_link_color": "0084B4", "profile_image_url": "http://pbs.twimg.com/profile_images/448934712342372352/bq5Aao7S_normal.jpeg", "following": false, "geo_enabled": false, "profile_background_image_url": "http://abs.twimg.com/images/themes/theme1/bg.png", "name": "wendy", "lang": "en", "profile_background_tile": false, "favourites_count": 112, "screen_name": "wendymathers", "notifications": false, "url": null, "created_at": "Mon Oct 03 02:35:25 +0000 2011", "contributors_enabled": false, "time_zone": null, "protected": false, "default_profile": true, "is_translator": false}, "geo": null, "in_reply_to_user_id_str": "156464691", "lang": "en", "created_at": "Mon Dec 15 02:51:07 +0000 2014", "in_reply_to_status_id_str": "544310853613281281", "place": null}
