{"contributors": null, "truncated": false, "text": "Yes: https://t.co/tt33b9GgH2\nNote: unconfirmed\n@7NewsSydney @2kdei @Y7News\n@PzFeed @BBCWorld @ABC", "in_reply_to_status_id": 544310853613281281, "id": 544322660529078273, "favorite_count": 1, "source": "<a href=\"http://twitter.com\" rel=\"nofollow\">Twitter Web Client</a>", "retweeted": false, "coordinates": null, "entities": {"symbols": [], "user_mentions": [{"id": 156464691, "indices": [47, 59], "id_str": "156464691", "screen_name": "7NewsSydney", "name": "7 News Sydney"}, {"id": 39889387, "indices": [60, 66], "id_str": "39889387", "screen_name": "2kdei", "name": "Kristina Dei"}, {"id": 63362429, "indices": [67, 74], "id_str": "63362429", "screen_name": "Y7News", "name": "7News Yahoo!7 "}, {"id": 292777349, "indices": [75, 82], "id_str": "292777349", "screen_name": "PzFeed", "name": "PzFeed Top News"}, {"id": 742143, "indices": [83, 92], "id_str": "742143", "screen_name": "BBCWorld", "name": "BBC News (World)"}, {"id": 28785486, "indices": [93, 97], "id_str": "28785486", "screen_name": "ABC", "name": "ABC News"}], "hashtags": [], "urls": [{"url": "https://t.co/tt33b9GgH2", "indices": [5, 28], "expanded_url": "https://twitter.com/RobPulseNews/status/544302613794422784", "display_url": "twitter.com/RobPulseNews/s\u2026"}]}, "in_reply_to_screen_name": "7NewsSydney", "id_str": "544322660529078273", "retweet_count": 1, "in_reply_to_user_id": 156464691, "favorited": false, "user": {"follow_request_sent": false, "profile_use_background_image": true, "profile_text_color": "1C95E6", "default_profile_image": false, "id": 225227311, "profile_background_image_url_https": "https://pbs.twimg.com/profile_background_images/478280540580085761/tyMu2LBL.jpeg", "verified": false, "profile_location": null, "profile_image_url_https": "https://pbs.twimg.com/profile_images/1818035246/OOqWQX8f_normal", "profile_sidebar_fill_color": "282E2D", "entities": {"url": {"urls": [{"url": "http://t.co/1HpXpEQoeC", "indices": [0, 22], "expanded_url": "http://ukrainewarlog.blogspot.com", "display_url": "ukrainewarlog.blogspot.com"}]}, "description": {"urls": []}}, "followers_count": 5293, "profile_sidebar_border_color": "000000", "id_str": "225227311", "profile_background_color": "03524E", "listed_count": 152, "is_translation_enabled": false, "utc_offset": 0, "statuses_count": 28222, "description": "Investigative journalist. MSc I.T. #journalism | #analyst", "friends_count": 288, "location": "Miami, London", "profile_link_color": "5128DB", "profile_image_url": "http://pbs.twimg.com/profile_images/1818035246/OOqWQX8f_normal", "following": false, "geo_enabled": false, "profile_banner_url": "https://pbs.twimg.com/profile_banners/225227311/1418181222", "profile_background_image_url": "http://pbs.twimg.com/profile_background_images/478280540580085761/tyMu2LBL.jpeg", "name": "Silver Surfer", "lang": "en", "profile_background_tile": false, "favourites_count": 5142, "screen_name": "RobPulseNews", "notifications": false, "url": "http://t.co/1HpXpEQoeC", "created_at": "Sat Dec 11 01:33:10 +0000 2010", "contributors_enabled": false, "time_zone": "London", "protected": false, "default_profile": false, "is_translator": false}, "geo": null, "in_reply_to_user_id_str": "156464691", "possibly_sensitive": false, "lang": "en", "created_at": "Mon Dec 15 02:46:49 +0000 2014", "in_reply_to_status_id_str": "544310853613281281", "place": null}
