{"contributors":null,"truncated":false,"text":"\u201c@7NewsSydney: The Sydney cafe siege may be part of a larger plot. @Y7News #MartinPlaceSiege http:\/\/t.co\/d07MMUcpKT http:\/\/t.co\/PL06PUyfDF\u201d","in_reply_to_status_id":544310853613281281,"id":544311848615432194,"favorite_count":0,"source":"<a href=\"http:\/\/twitter.com\/#!\/download\/ipad\" rel=\"nofollow\">Twitter for iPad<\/a>","retweeted":false,"coordinates":null,"entities":{"symbols":[],"user_mentions":[{"id":156464691,"indices":[1,13],"id_str":"156464691","screen_name":"7NewsSydney","name":"7 News Sydney"},{"id":63362429,"indices":[67,74],"id_str":"63362429","screen_name":"Y7News","name":"7News Yahoo!7 "}],"hashtags":[{"indices":[75,92],"text":"MartinPlaceSiege"}],"urls":[{"url":"http:\/\/t.co\/d07MMUcpKT","indices":[93,115],"expanded_url":"http:\/\/au.news.yahoo.com\/video\/watch\/25773418\/attack-may-be-apart-of-larger-plot\/?cmp=twitter","display_url":"au.news.yahoo.com\/video\/watch\/25\u2026"}],"media":[{"source_user_id":156464691,"source_status_id_str":"544310853613281281","expanded_url":"http:\/\/twitter.com\/7NewsSydney\/status\/544310853613281281\/photo\/1","display_url":"pic.twitter.com\/PL06PUyfDF","url":"http:\/\/t.co\/PL06PUyfDF","media_url_https":"https:\/\/pbs.twimg.com\/media\/B43H1b9CMAAiEI8.jpg","source_user_id_str":"156464691","source_status_id":544310853613281281,"id_str":"544310850832445440","sizes":{"large":{"h":238,"resize":"fit","w":423},"small":{"h":190,"resize":"fit","w":340},"medium":{"h":238,"resize":"fit","w":423},"thumb":{"h":150,"resize":"crop","w":150}},"indices":[116,138],"type":"photo","id":544310850832445440,"media_url":"http:\/\/pbs.twimg.com\/media\/B43H1b9CMAAiEI8.jpg"}]},"in_reply_to_screen_name":"7NewsSydney","id_str":"544311848615432194","retweet_count":0,"in_reply_to_user_id":156464691,"favorited":false,"user":{"follow_request_sent":false,"profile_use_background_image":true,"profile_text_color":"333333","default_profile_image":false,"id":261000330,"profile_background_image_url_https":"https:\/\/abs.twimg.com\/images\/themes\/theme19\/bg.gif","verified":false,"profile_location":null,"profile_image_url_https":"https:\/\/pbs.twimg.com\/profile_images\/590003897348919297\/rO_ataS9_normal.jpg","profile_sidebar_fill_color":"F6FFD1","entities":{"description":{"urls":[]}},"followers_count":2772,"profile_sidebar_border_color":"FFFFFF","id_str":"261000330","profile_background_color":"FFF04D","listed_count":34,"is_translation_enabled":false,"utc_offset":19800,"statuses_count":148208,"description":"\u201cEven the nicest people have their limits.\u201d RTs no edorsement","friends_count":1929,"location":"http:\/\/www.nationaldebtclocks.","profile_link_color":"0099CC","profile_image_url":"http:\/\/pbs.twimg.com\/profile_images\/590003897348919297\/rO_ataS9_normal.jpg","following":false,"geo_enabled":true,"profile_banner_url":"https:\/\/pbs.twimg.com\/profile_banners\/261000330\/1415952639","profile_background_image_url":"http:\/\/abs.twimg.com\/images\/themes\/theme19\/bg.gif","name":"Offfo","lang":"en","profile_background_tile":false,"favourites_count":3773,"screen_name":"SnghAP","notifications":false,"url":null,"created_at":"Sat Mar 05 01:39:32 +0000 2011","contributors_enabled":false,"time_zone":"New Delhi","protected":false,"default_profile":false,"is_translator":false},"geo":null,"in_reply_to_user_id_str":"156464691","possibly_sensitive":false,"lang":"en","created_at":"Mon Dec 15 02:03:52 +0000 2014","in_reply_to_status_id_str":"544310853613281281","place":null,"extended_entities":{"media":[{"source_user_id":156464691,"source_status_id_str":"544310853613281281","expanded_url":"http:\/\/twitter.com\/7NewsSydney\/status\/544310853613281281\/photo\/1","display_url":"pic.twitter.com\/PL06PUyfDF","url":"http:\/\/t.co\/PL06PUyfDF","media_url_https":"https:\/\/pbs.twimg.com\/media\/B43H1b9CMAAiEI8.jpg","source_user_id_str":"156464691","source_status_id":544310853613281281,"id_str":"544310850832445440","sizes":{"large":{"h":238,"resize":"fit","w":423},"small":{"h":190,"resize":"fit","w":340},"medium":{"h":238,"resize":"fit","w":423},"thumb":{"h":150,"resize":"crop","w":150}},"indices":[116,138],"type":"photo","id":544310850832445440,"media_url":"http:\/\/pbs.twimg.com\/media\/B43H1b9CMAAiEI8.jpg"}]}}