{"contributors": null, "truncated": false, "text": "@7NewsSydney @norsepast @Y7News http://t.co/YQTxEeSQem", "in_reply_to_status_id": 544310853613281281, "id": 544328661806366721, "favorite_count": 1, "source": "<a href=\"http://twitter.com\" rel=\"nofollow\">Twitter Web Client</a>", "retweeted": false, "coordinates": null, "entities": {"symbols": [], "user_mentions": [{"id": 156464691, "indices": [0, 12], "id_str": "156464691", "screen_name": "7NewsSydney", "name": "7 News Sydney"}, {"id": 2799276557, "indices": [13, 23], "id_str": "2799276557", "screen_name": "norsepast", "name": "norsepast"}, {"id": 63362429, "indices": [24, 31], "id_str": "63362429", "screen_name": "Y7News", "name": "7News Yahoo!7 "}], "hashtags": [], "urls": [], "media": [{"expanded_url": "http://twitter.com/joeyyeo13/status/544328661806366721/photo/1", "display_url": "pic.twitter.com/YQTxEeSQem", "url": "http://t.co/YQTxEeSQem", "media_url_https": "https://pbs.twimg.com/media/B43YB8SCYAEGQTL.jpg", "id_str": "544328657854947329", "sizes": {"large": {"h": 278, "resize": "fit", "w": 479}, "small": {"h": 196, "resize": "fit", "w": 340}, "medium": {"h": 278, "resize": "fit", "w": 479}, "thumb": {"h": 150, "resize": "crop", "w": 150}}, "indices": [32, 54], "type": "photo", "id": 544328657854947329, "media_url": "http://pbs.twimg.com/media/B43YB8SCYAEGQTL.jpg"}]}, "in_reply_to_screen_name": "7NewsSydney", "id_str": "544328661806366721", "retweet_count": 1, "in_reply_to_user_id": 156464691, "favorited": false, "user": {"follow_request_sent": false, "profile_use_background_image": true, "profile_text_color": "333333", "default_profile_image": false, "id": 228134082, "profile_background_image_url_https": "https://abs.twimg.com/images/themes/theme1/bg.png", "verified": false, "profile_location": null, "profile_image_url_https": "https://pbs.twimg.com/profile_images/514314268892618752/V4BizlbC_normal.jpeg", "profile_sidebar_fill_color": "DDEEF6", "entities": {"description": {"urls": []}}, "followers_count": 1667, "profile_sidebar_border_color": "C0DEED", "id_str": "228134082", "profile_background_color": "C0DEED", "listed_count": 30, "is_translation_enabled": false, "utc_offset": null, "statuses_count": 79232, "description": "INDEPENDENT BUSINESS DEVELOPMENT FOR CRUDE OIL AND IT'S DERIVATIVES ; D2, JET FUEL, MAZUT.  FOCUSING DIRECTLY ON REFINERIES - WELL HEADS - HEDGE FUND GROUPS.", "friends_count": 1995, "location": "Missouri", "profile_link_color": "0084B4", "profile_image_url": "http://pbs.twimg.com/profile_images/514314268892618752/V4BizlbC_normal.jpeg", "following": false, "geo_enabled": false, "profile_background_image_url": "http://abs.twimg.com/images/themes/theme1/bg.png", "name": "joseph price", "lang": "en", "profile_background_tile": false, "favourites_count": 9294, "screen_name": "joeyyeo13", "notifications": false, "url": null, "created_at": "Sat Dec 18 20:38:31 +0000 2010", "contributors_enabled": false, "time_zone": null, "protected": false, "default_profile": true, "is_translator": false}, "geo": null, "in_reply_to_user_id_str": "156464691", "possibly_sensitive": false, "lang": "und", "created_at": "Mon Dec 15 03:10:40 +0000 2014", "in_reply_to_status_id_str": "544310853613281281", "place": null, "extended_entities": {"media": [{"expanded_url": "http://twitter.com/joeyyeo13/status/544328661806366721/photo/1", "display_url": "pic.twitter.com/YQTxEeSQem", "url": "http://t.co/YQTxEeSQem", "media_url_https": "https://pbs.twimg.com/media/B43YB8SCYAEGQTL.jpg", "id_str": "544328657854947329", "sizes": {"large": {"h": 278, "resize": "fit", "w": 479}, "small": {"h": 196, "resize": "fit", "w": 340}, "medium": {"h": 278, "resize": "fit", "w": 479}, "thumb": {"h": 150, "resize": "crop", "w": 150}}, "indices": [32, 54], "type": "photo", "id": 544328657854947329, "media_url": "http://pbs.twimg.com/media/B43YB8SCYAEGQTL.jpg"}]}}
