{"contributors":null,"truncated":false,"text":"@7NewsSydney @Y7News  The Flag has arabic writing on it not Islamic writing.","in_reply_to_status_id":544310853613281281,"id":544312583746899970,"favorite_count":0,"source":"<a href=\"http:\/\/twitter.com\/download\/android\" rel=\"nofollow\">Twitter for Android<\/a>","retweeted":false,"coordinates":{"type":"Point","coordinates":[153.1327374,-27.0398782]},"entities":{"symbols":[],"user_mentions":[{"id":156464691,"indices":[0,12],"id_str":"156464691","screen_name":"7NewsSydney","name":"7 News Sydney"},{"id":63362429,"indices":[13,20],"id_str":"63362429","screen_name":"Y7News","name":"7News Yahoo!7 "}],"hashtags":[],"urls":[]},"in_reply_to_screen_name":"7NewsSydney","id_str":"544312583746899970","retweet_count":0,"in_reply_to_user_id":156464691,"favorited":false,"user":{"follow_request_sent":false,"profile_use_background_image":true,"profile_text_color":"333333","default_profile_image":false,"id":2668753982,"profile_background_image_url_https":"https:\/\/abs.twimg.com\/images\/themes\/theme1\/bg.png","verified":false,"profile_location":null,"profile_image_url_https":"https:\/\/pbs.twimg.com\/profile_images\/571133039167713280\/mfonwjAS_normal.jpeg","profile_sidebar_fill_color":"DDEEF6","entities":{"description":{"urls":[]}},"followers_count":155,"profile_sidebar_border_color":"C0DEED","id_str":"2668753982","profile_background_color":"C0DEED","listed_count":3,"is_translation_enabled":false,"utc_offset":null,"statuses_count":351,"description":"Excess is just not enough......","friends_count":626,"location":"Australia","profile_link_color":"0084B4","profile_image_url":"http:\/\/pbs.twimg.com\/profile_images\/571133039167713280\/mfonwjAS_normal.jpeg","following":false,"geo_enabled":true,"profile_banner_url":"https:\/\/pbs.twimg.com\/profile_banners\/2668753982\/1406016787","profile_background_image_url":"http:\/\/abs.twimg.com\/images\/themes\/theme1\/bg.png","name":"Wayne Baker","lang":"en","profile_background_tile":false,"favourites_count":198,"screen_name":"bakesonbribie","notifications":false,"url":null,"created_at":"Tue Jul 22 08:05:58 +0000 2014","contributors_enabled":false,"time_zone":null,"protected":false,"default_profile":true,"is_translator":false},"geo":{"type":"Point","coordinates":[-27.0398782,153.1327374]},"in_reply_to_user_id_str":"156464691","lang":"en","created_at":"Mon Dec 15 02:06:47 +0000 2014","in_reply_to_status_id_str":"544310853613281281","place":{"full_name":"Bongaree - Woorim, Queensland","url":"https:\/\/api.twitter.com\/1.1\/geo\/id\/0147df6d5909741c.json","country":"Australia","place_type":"city","bounding_box":{"type":"Polygon","coordinates":[[[153.117031456,-27.1000988375],[153.207557664,-27.1000988375],[153.207557664,-27.0207494145],[153.117031456,-27.0207494145]]]},"contained_within":[],"country_code":"AU","attributes":{},"id":"0147df6d5909741c","name":"Bongaree - Woorim"}}