{"contributors":null,"truncated":false,"text":"@7NewsSydney @Fitzzer777 @Y7News Yes, it's called \"Islam.\"","in_reply_to_status_id":544310853613281281,"id":544350274308284416,"favorite_count":0,"source":"<a href=\"http:\/\/twitter.com\/download\/android\" rel=\"nofollow\">Twitter for Android<\/a>","retweeted":false,"coordinates":{"type":"Point","coordinates":[-104.8993472,39.6407674]},"entities":{"symbols":[],"user_mentions":[{"id":156464691,"indices":[0,12],"id_str":"156464691","screen_name":"7NewsSydney","name":"7 News Sydney"},{"id":525630064,"indices":[13,24],"id_str":"525630064","screen_name":"Fitzzer777","name":"Fitzzer"},{"id":63362429,"indices":[25,32],"id_str":"63362429","screen_name":"Y7News","name":"7News Yahoo!7 "}],"hashtags":[],"urls":[]},"in_reply_to_screen_name":"7NewsSydney","id_str":"544350274308284416","retweet_count":0,"in_reply_to_user_id":156464691,"favorited":false,"user":{"follow_request_sent":false,"profile_use_background_image":true,"profile_text_color":"333333","default_profile_image":false,"id":320370596,"profile_background_image_url_https":"https:\/\/abs.twimg.com\/images\/themes\/theme1\/bg.png","verified":false,"profile_location":null,"profile_image_url_https":"https:\/\/pbs.twimg.com\/profile_images\/561697414680035328\/09jn0ivE_normal.jpeg","profile_sidebar_fill_color":"DDEEF6","entities":{"description":{"urls":[]}},"followers_count":212,"profile_sidebar_border_color":"C0DEED","id_str":"320370596","profile_background_color":"C0DEED","listed_count":7,"is_translation_enabled":false,"utc_offset":-21600,"statuses_count":1756,"description":"Fundamental to the Progressive worldview: the diminution, dismissal, or outright denial of observable reality.","friends_count":278,"location":"Like, Denver Coloraaado maan","profile_link_color":"0084B4","profile_image_url":"http:\/\/pbs.twimg.com\/profile_images\/561697414680035328\/09jn0ivE_normal.jpeg","following":false,"geo_enabled":true,"profile_banner_url":"https:\/\/pbs.twimg.com\/profile_banners\/320370596\/1418480809","profile_background_image_url":"http:\/\/abs.twimg.com\/images\/themes\/theme1\/bg.png","name":"WingDynasty","lang":"en","profile_background_tile":false,"favourites_count":262,"screen_name":"WingDynasty","notifications":false,"url":null,"created_at":"Sun Jun 19 19:56:41 +0000 2011","contributors_enabled":false,"time_zone":"Central Time (US & Canada)","protected":false,"default_profile":true,"is_translator":false},"geo":{"type":"Point","coordinates":[39.6407674,-104.8993472]},"in_reply_to_user_id_str":"156464691","lang":"en","created_at":"Mon Dec 15 04:36:33 +0000 2014","in_reply_to_status_id_str":"544310853613281281","place":{"full_name":"Denver, CO","url":"https:\/\/api.twitter.com\/1.1\/geo\/id\/b49b3053b5c25bf5.json","country":"United States","place_type":"city","bounding_box":{"type":"Polygon","coordinates":[[[-105.109815,39.614151],[-104.734372,39.614151],[-104.734372,39.812975],[-105.109815,39.812975]]]},"contained_within":[],"country_code":"US","attributes":{},"id":"b49b3053b5c25bf5","name":"Denver"}}