{"contributors":null,"truncated":false,"text":"@Melstar71 @7NewsSydney @Y7News their entire coverage has been a joke. See the uni professor explain hypotheticals in hostage situations?","in_reply_to_status_id":544320787436433409,"id":544355074672033792,"favorite_count":0,"source":"<a href=\"http:\/\/twitter.com\/download\/iphone\" rel=\"nofollow\">Twitter for iPhone<\/a>","retweeted":false,"coordinates":null,"entities":{"symbols":[],"user_mentions":[{"id":168602253,"indices":[0,10],"id_str":"168602253","screen_name":"Melstar71","name":"Melly"},{"id":156464691,"indices":[11,23],"id_str":"156464691","screen_name":"7NewsSydney","name":"7 News Sydney"},{"id":63362429,"indices":[24,31],"id_str":"63362429","screen_name":"Y7News","name":"7News Yahoo!7 "}],"hashtags":[],"urls":[]},"in_reply_to_screen_name":"Melstar71","id_str":"544355074672033792","retweet_count":0,"in_reply_to_user_id":168602253,"favorited":false,"user":{"follow_request_sent":false,"profile_use_background_image":true,"profile_text_color":"333333","default_profile_image":false,"id":347883924,"profile_background_image_url_https":"https:\/\/abs.twimg.com\/images\/themes\/theme1\/bg.png","verified":false,"profile_location":null,"profile_image_url_https":"https:\/\/pbs.twimg.com\/profile_images\/589208290065690624\/iLwAkI0H_normal.jpg","profile_sidebar_fill_color":"DDEEF6","entities":{"description":{"urls":[]}},"followers_count":170,"profile_sidebar_border_color":"C0DEED","id_str":"347883924","profile_background_color":"C0DEED","listed_count":1,"is_translation_enabled":false,"utc_offset":null,"statuses_count":7078,"description":"rude sarcastic","friends_count":70,"location":"Sydney","profile_link_color":"0084B4","profile_image_url":"http:\/\/pbs.twimg.com\/profile_images\/589208290065690624\/iLwAkI0H_normal.jpg","following":false,"geo_enabled":false,"profile_banner_url":"https:\/\/pbs.twimg.com\/profile_banners\/347883924\/1410677612","profile_background_image_url":"http:\/\/abs.twimg.com\/images\/themes\/theme1\/bg.png","name":"Julz","lang":"en","profile_background_tile":false,"favourites_count":13144,"screen_name":"julia_goo_lia","notifications":false,"url":null,"created_at":"Wed Aug 03 14:35:44 +0000 2011","contributors_enabled":false,"time_zone":null,"protected":false,"default_profile":true,"is_translator":false},"geo":null,"in_reply_to_user_id_str":"168602253","lang":"en","created_at":"Mon Dec 15 04:55:38 +0000 2014","in_reply_to_status_id_str":"544320787436433409","place":null}