{"contributors": null, "truncated": false, "text": "@RPW260567 @7NewsSydney @Y7News He could pull another Beaconsfield!", "in_reply_to_status_id": 544312995544039426, "id": 544313637318307840, "favorite_count": 2, "source": "<a href=\"http://twitter.com\" rel=\"nofollow\">Twitter Web Client</a>", "retweeted": false, "coordinates": null, "entities": {"symbols": [], "user_mentions": [{"id": 561970498, "indices": [0, 10], "id_str": "561970498", "screen_name": "RPW260567", "name": "Earl of Ross\u00a9o"}, {"id": 156464691, "indices": [11, 23], "id_str": "156464691", "screen_name": "7NewsSydney", "name": "7 News Sydney"}, {"id": 63362429, "indices": [24, 31], "id_str": "63362429", "screen_name": "Y7News", "name": "7News Yahoo!7 "}], "hashtags": [], "urls": []}, "in_reply_to_screen_name": "RPW260567", "id_str": "544313637318307840", "retweet_count": 0, "in_reply_to_user_id": 561970498, "favorited": false, "user": {"follow_request_sent": false, "profile_use_background_image": true, "profile_text_color": "3D1957", "default_profile_image": false, "id": 352859537, "profile_background_image_url_https": "https://abs.twimg.com/images/themes/theme10/bg.gif", "verified": false, "profile_location": null, "profile_image_url_https": "https://pbs.twimg.com/profile_images/378800000710270793/bf9f21068f3a1a2d2518d2cbe7dd79c7_normal.png", "profile_sidebar_fill_color": "7AC3EE", "entities": {"description": {"urls": []}}, "followers_count": 1690, "profile_sidebar_border_color": "FFFFFF", "id_str": "352859537", "profile_background_color": "642D8B", "listed_count": 22, "is_translation_enabled": false, "utc_offset": 36000, "statuses_count": 56837, "description": "Passionate and strong opinions on most issues. Outgoing personality loves life, bright colours & good taste. Views sprinkled in common sense.", "friends_count": 1933, "location": "Sydney", "profile_link_color": "FF0000", "profile_image_url": "http://pbs.twimg.com/profile_images/378800000710270793/bf9f21068f3a1a2d2518d2cbe7dd79c7_normal.png", "following": false, "geo_enabled": false, "profile_background_image_url": "http://abs.twimg.com/images/themes/theme10/bg.gif", "name": " Sparkles3", "lang": "en", "profile_background_tile": true, "favourites_count": 37901, "screen_name": "jewelsparkle3", "notifications": false, "url": null, "created_at": "Thu Aug 11 05:13:15 +0000 2011", "contributors_enabled": false, "time_zone": "Brisbane", "protected": false, "default_profile": false, "is_translator": false}, "geo": null, "in_reply_to_user_id_str": "561970498", "lang": "en", "created_at": "Mon Dec 15 02:10:58 +0000 2014", "in_reply_to_status_id_str": "544312995544039426", "place": null}
