{"contributors":null,"truncated":false,"text":"@RPW260567 @jewelsparkle3 @7NewsSydney @Y7News But Doyle coming up! Ugh!","in_reply_to_status_id":544312995544039426,"id":544314470793613313,"favorite_count":2,"source":"<a href=\"http:\/\/twitter.com\/#!\/download\/ipad\" rel=\"nofollow\">Twitter for iPad<\/a>","retweeted":false,"coordinates":null,"entities":{"symbols":[],"user_mentions":[{"id":561970498,"indices":[0,10],"id_str":"561970498","screen_name":"RPW260567","name":"Earl of Ross\u00a9o"},{"id":352859537,"indices":[11,25],"id_str":"352859537","screen_name":"jewelsparkle3","name":" Sparkles3"},{"id":156464691,"indices":[26,38],"id_str":"156464691","screen_name":"7NewsSydney","name":"7 News Sydney"},{"id":63362429,"indices":[39,46],"id_str":"63362429","screen_name":"Y7News","name":"7News Yahoo!7 "}],"hashtags":[],"urls":[]},"in_reply_to_screen_name":"RPW260567","id_str":"544314470793613313","retweet_count":0,"in_reply_to_user_id":561970498,"favorited":false,"user":{"follow_request_sent":false,"profile_use_background_image":true,"profile_text_color":"663B12","default_profile_image":false,"id":185554632,"profile_background_image_url_https":"https:\/\/abs.twimg.com\/images\/themes\/theme2\/bg.gif","verified":false,"profile_location":null,"profile_image_url_https":"https:\/\/pbs.twimg.com\/profile_images\/563844092920999937\/095-nEEa_normal.jpeg","profile_sidebar_fill_color":"DAECF4","entities":{"description":{"urls":[]}},"followers_count":948,"profile_sidebar_border_color":"C6E2EE","id_str":"185554632","profile_background_color":"C6E2EE","listed_count":27,"is_translation_enabled":false,"utc_offset":39600,"statuses_count":40835,"description":"BEd Retired","friends_count":815,"location":"On The Darling...what is left","profile_link_color":"1F98C7","profile_image_url":"http:\/\/pbs.twimg.com\/profile_images\/563844092920999937\/095-nEEa_normal.jpeg","following":false,"geo_enabled":false,"profile_background_image_url":"http:\/\/abs.twimg.com\/images\/themes\/theme2\/bg.gif","name":"kayak","lang":"en","profile_background_tile":false,"favourites_count":57,"screen_name":"ZZiillaa","notifications":false,"url":null,"created_at":"Wed Sep 01 07:58:12 +0000 2010","contributors_enabled":false,"time_zone":"Sydney","protected":false,"default_profile":false,"is_translator":false},"geo":null,"in_reply_to_user_id_str":"561970498","lang":"en","created_at":"Mon Dec 15 02:14:17 +0000 2014","in_reply_to_status_id_str":"544312995544039426","place":null}