{"contributors": null, "truncated": false, "text": "@7NewsSydney @Y7News Stick to the facts and stop trying to scare thr australian puplic!", "in_reply_to_status_id": 544310853613281281, "id": 544320787436433409, "favorite_count": 1, "source": "<a href=\"http://twitter.com/download/android\" rel=\"nofollow\">Twitter for Android</a>", "retweeted": false, "coordinates": null, "entities": {"symbols": [], "user_mentions": [{"id": 156464691, "indices": [0, 12], "id_str": "156464691", "screen_name": "7NewsSydney", "name": "7 News Sydney"}, {"id": 63362429, "indices": [13, 20], "id_str": "63362429", "screen_name": "Y7News", "name": "7News Yahoo!7 "}], "hashtags": [], "urls": []}, "in_reply_to_screen_name": "7NewsSydney", "id_str": "544320787436433409", "retweet_count": 0, "in_reply_to_user_id": 156464691, "favorited": false, "user": {"follow_request_sent": false, "profile_use_background_image": true, "profile_text_color": "333333", "default_profile_image": false, "id": 168602253, "profile_background_image_url_https": "https://abs.twimg.com/images/themes/theme1/bg.png", "verified": false, "profile_location": null, "profile_image_url_https": "https://pbs.twimg.com/profile_images/378800000357330017/25397353f4fd2d7c2c496a8ce9f1197c_normal.jpeg", "profile_sidebar_fill_color": "DDEEF6", "entities": {"description": {"urls": []}}, "followers_count": 18, "profile_sidebar_border_color": "C0DEED", "id_str": "168602253", "profile_background_color": "C0DEED", "listed_count": 1, "is_translation_enabled": false, "utc_offset": null, "statuses_count": 138, "description": "", "friends_count": 141, "location": "", "profile_link_color": "0084B4", "profile_image_url": "http://pbs.twimg.com/profile_images/378800000357330017/25397353f4fd2d7c2c496a8ce9f1197c_normal.jpeg", "following": false, "geo_enabled": false, "profile_banner_url": "https://pbs.twimg.com/profile_banners/168602253/1377778804", "profile_background_image_url": "http://abs.twimg.com/images/themes/theme1/bg.png", "name": "Melly", "lang": "en", "profile_background_tile": false, "favourites_count": 21, "screen_name": "Melstar71", "notifications": false, "url": null, "created_at": "Tue Jul 20 09:49:52 +0000 2010", "contributors_enabled": false, "time_zone": null, "protected": false, "default_profile": true, "is_translator": false}, "geo": null, "in_reply_to_user_id_str": "156464691", "lang": "en", "created_at": "Mon Dec 15 02:39:23 +0000 2014", "in_reply_to_status_id_str": "544310853613281281", "place": null}
