{"contributors": null, "truncated": false, "text": "@7NewsSydney @Y7News in sure Obama will tell us just #workplaceviolence", "in_reply_to_status_id": 544310853613281281, "id": 544350295770558465, "favorite_count": 0, "source": "<a href=\"http://twitter.com/download/iphone\" rel=\"nofollow\">Twitter for iPhone</a>", "retweeted": false, "coordinates": null, "entities": {"symbols": [], "user_mentions": [{"id": 156464691, "indices": [0, 12], "id_str": "156464691", "screen_name": "7NewsSydney", "name": "7 News Sydney"}, {"id": 63362429, "indices": [13, 20], "id_str": "63362429", "screen_name": "Y7News", "name": "7News Yahoo!7 "}], "hashtags": [{"indices": [53, 71], "text": "workplaceviolence"}], "urls": []}, "in_reply_to_screen_name": "7NewsSydney", "id_str": "544350295770558465", "retweet_count": 0, "in_reply_to_user_id": 156464691, "favorited": false, "user": {"follow_request_sent": false, "profile_use_background_image": true, "profile_text_color": "333333", "default_profile_image": false, "id": 345551240, "profile_background_image_url_https": "https://pbs.twimg.com/profile_background_images/729977341/f7b7756db2fa1f07b1285fac06e59074.jpeg", "verified": false, "profile_location": null, "profile_image_url_https": "https://pbs.twimg.com/profile_images/3478014232/c3e87c880fad022f8c3856e56171f370_normal.png", "profile_sidebar_fill_color": "EFEFEF", "entities": {"url": {"urls": [{"url": "http://t.co/ojrt7HSbJD", "indices": [0, 22], "expanded_url": "http://ivote4liberty.com", "display_url": "ivote4liberty.com"}]}, "description": {"urls": []}}, "followers_count": 7398, "profile_sidebar_border_color": "FFFFFF", "id_str": "345551240", "profile_background_color": "131516", "listed_count": 158, "is_translation_enabled": false, "utc_offset": -25200, "statuses_count": 70707, "description": "Obama & His Liberal Media have caused all the chaos #Ferguson #TravonMartin #blacks When will we make them responsible!", "friends_count": 8104, "location": "GodBlessUSA", "profile_link_color": "009999", "profile_image_url": "http://pbs.twimg.com/profile_images/3478014232/c3e87c880fad022f8c3856e56171f370_normal.png", "following": false, "geo_enabled": false, "profile_banner_url": "https://pbs.twimg.com/profile_banners/345551240/1357608943", "profile_background_image_url": "http://pbs.twimg.com/profile_background_images/729977341/f7b7756db2fa1f07b1285fac06e59074.jpeg", "name": "Freedom Fighter", "lang": "en", "profile_background_tile": false, "favourites_count": 1133, "screen_name": "DefundMSM", "notifications": false, "url": "http://t.co/ojrt7HSbJD", "created_at": "Sat Jul 30 19:48:37 +0000 2011", "contributors_enabled": false, "time_zone": "Mountain Time (US & Canada)", "protected": false, "default_profile": false, "is_translator": false}, "geo": null, "in_reply_to_user_id_str": "156464691", "lang": "en", "created_at": "Mon Dec 15 04:36:38 +0000 2014", "in_reply_to_status_id_str": "544310853613281281", "place": null}
