{"contributors": null, "truncated": false, "text": ".@7NewsSydney @HaynesParker1 @Y7News Duh, of course it's \"part of a larger plot\", #Islamic #terrorists hate ppl of all religions", "in_reply_to_status_id": 544310853613281281, "id": 544322375144472576, "favorite_count": 0, "source": "<a href=\"http://twitter.com\" rel=\"nofollow\">Twitter Web Client</a>", "retweeted": false, "coordinates": null, "entities": {"symbols": [], "user_mentions": [{"id": 156464691, "indices": [1, 13], "id_str": "156464691", "screen_name": "7NewsSydney", "name": "7 News Sydney"}, {"id": 1930980487, "indices": [14, 28], "id_str": "1930980487", "screen_name": "HaynesParker1", "name": "FreeEagle"}, {"id": 63362429, "indices": [29, 36], "id_str": "63362429", "screen_name": "Y7News", "name": "7News Yahoo!7 "}], "hashtags": [{"indices": [82, 90], "text": "Islamic"}, {"indices": [91, 102], "text": "terrorists"}], "urls": []}, "in_reply_to_screen_name": "7NewsSydney", "id_str": "544322375144472576", "retweet_count": 0, "in_reply_to_user_id": 156464691, "favorited": false, "user": {"follow_request_sent": false, "profile_use_background_image": false, "profile_text_color": "000000", "default_profile_image": false, "id": 2390188116, "profile_background_image_url_https": "https://abs.twimg.com/images/themes/theme1/bg.png", "verified": false, "profile_location": null, "profile_image_url_https": "https://pbs.twimg.com/profile_images/444831807100293120/vhpIEbJr_normal.jpeg", "profile_sidebar_fill_color": "000000", "entities": {"description": {"urls": []}}, "followers_count": 77, "profile_sidebar_border_color": "000000", "id_str": "2390188116", "profile_background_color": "000000", "listed_count": 0, "is_translation_enabled": false, "utc_offset": null, "statuses_count": 928, "description": "You can't spend yourself out of debt or legislate yourself into morality. Work gives life meaning. Sports are fun. God is great. Life is short. Live!", "friends_count": 113, "location": "Kansas", "profile_link_color": "8300B3", "profile_image_url": "http://pbs.twimg.com/profile_images/444831807100293120/vhpIEbJr_normal.jpeg", "following": false, "geo_enabled": false, "profile_banner_url": "https://pbs.twimg.com/profile_banners/2390188116/1407807883", "profile_background_image_url": "http://abs.twimg.com/images/themes/theme1/bg.png", "name": "Bruce Freeman", "lang": "en", "profile_background_tile": false, "favourites_count": 165, "screen_name": "LunchnotFreeman", "notifications": false, "url": null, "created_at": "Sat Mar 15 01:51:12 +0000 2014", "contributors_enabled": false, "time_zone": null, "protected": false, "default_profile": false, "is_translator": false}, "geo": null, "in_reply_to_user_id_str": "156464691", "lang": "en", "created_at": "Mon Dec 15 02:45:41 +0000 2014", "in_reply_to_status_id_str": "544310853613281281", "place": null}
