{"contributors":null,"truncated":false,"text":"@7NewsSydney @2kdei @Y7News Yes, a red herring, or a feint...","in_reply_to_status_id":544310853613281281,"id":544323119138103296,"favorite_count":0,"source":"<a href=\"http:\/\/twitter.com\" rel=\"nofollow\">Twitter Web Client<\/a>","retweeted":false,"coordinates":null,"entities":{"symbols":[],"user_mentions":[{"id":156464691,"indices":[0,12],"id_str":"156464691","screen_name":"7NewsSydney","name":"7 News Sydney"},{"id":39889387,"indices":[13,19],"id_str":"39889387","screen_name":"2kdei","name":"Kristina Dei"},{"id":63362429,"indices":[20,27],"id_str":"63362429","screen_name":"Y7News","name":"7News Yahoo!7 "}],"hashtags":[],"urls":[]},"in_reply_to_screen_name":"7NewsSydney","id_str":"544323119138103296","retweet_count":0,"in_reply_to_user_id":156464691,"favorited":false,"user":{"follow_request_sent":false,"profile_use_background_image":true,"profile_text_color":"333333","default_profile_image":false,"id":137777900,"profile_background_image_url_https":"https:\/\/abs.twimg.com\/images\/themes\/theme1\/bg.png","verified":false,"profile_location":null,"profile_image_url_https":"https:\/\/pbs.twimg.com\/profile_images\/582376559765393408\/dOo9agNA_normal.jpg","profile_sidebar_fill_color":"DDEEF6","entities":{"url":{"urls":[{"url":"http:\/\/t.co\/TymxvoPzLV","indices":[0,22],"expanded_url":"http:\/\/www.independentindian.com","display_url":"independentindian.com"}]},"description":{"urls":[]}},"followers_count":405,"profile_sidebar_border_color":"C0DEED","id_str":"137777900","profile_background_color":"C0DEED","listed_count":6,"is_translation_enabled":false,"utc_offset":19800,"statuses_count":12409,"description":"Camb. PhD under FHahn after LSE 1st. Author *Phil of Econ* 1989. 16 yrs in America. Led UH perestroika-for-India project 1986-92 Advised Rajiv Gandhi  1990-91.","friends_count":187,"location":"facebook subyroy","profile_link_color":"0084B4","profile_image_url":"http:\/\/pbs.twimg.com\/profile_images\/582376559765393408\/dOo9agNA_normal.jpg","following":false,"geo_enabled":false,"profile_banner_url":"https:\/\/pbs.twimg.com\/profile_banners\/137777900\/1400649964","profile_background_image_url":"http:\/\/abs.twimg.com\/images\/themes\/theme1\/bg.png","name":"Dr Subroto Roy","lang":"en","profile_background_tile":false,"favourites_count":469,"screen_name":"subyroy","notifications":false,"url":"http:\/\/t.co\/TymxvoPzLV","created_at":"Tue Apr 27 18:49:13 +0000 2010","contributors_enabled":false,"time_zone":"Chennai","protected":false,"default_profile":true,"is_translator":false},"geo":null,"in_reply_to_user_id_str":"156464691","lang":"en","created_at":"Mon Dec 15 02:48:39 +0000 2014","in_reply_to_status_id_str":"544310853613281281","place":null}