{"contributors":null,"truncated":false,"text":"#BREAKING: At least two people have died following the #SydneySiege. 5 people are being treated by paramedics.","in_reply_to_status_id":null,"id":544518335019229184,"favorite_count":45,"source":"<a href=\"https:\/\/about.twitter.com\/products\/tweetdeck\" rel=\"nofollow\">TweetDeck<\/a>","retweeted":false,"coordinates":null,"entities":{"user_mentions":[],"symbols":[],"trends":[],"hashtags":[{"indices":[0,9],"text":"BREAKING"},{"indices":[55,67],"text":"SydneySiege"}],"urls":[]},"in_reply_to_screen_name":null,"id_str":"544518335019229184","retweet_count":251,"in_reply_to_user_id":null,"favorited":false,"user":{"follow_request_sent":null,"profile_use_background_image":true,"default_profile_image":false,"id":491960101,"verified":false,"profile_image_url_https":"https:\/\/pbs.twimg.com\/profile_images\/533698924960174081\/8oYLdrHq_normal.png","profile_sidebar_fill_color":"203296","profile_text_color":"000000","followers_count":4301,"profile_sidebar_border_color":"FFFFFF","id_str":"491960101","profile_background_color":"FFFAFA","listed_count":123,"profile_background_image_url_https":"https:\/\/pbs.twimg.com\/profile_background_images\/524432389007634432\/ti8qf1dD.jpeg","utc_offset":39600,"statuses_count":31867,"description":"Australian News Network provides 24\/7 Breaking News & Current Affairs from Correspondents in Australia & abroad. Editor-in-Chief: @zackisthe","friends_count":1733,"location":"Sydney, Australia","profile_link_color":"3B94D9","profile_image_url":"http:\/\/pbs.twimg.com\/profile_images\/533698924960174081\/8oYLdrHq_normal.png","following":null,"geo_enabled":true,"profile_banner_url":"https:\/\/pbs.twimg.com\/profile_banners\/491960101\/1416557446","profile_background_image_url":"http:\/\/pbs.twimg.com\/profile_background_images\/524432389007634432\/ti8qf1dD.jpeg","name":"Aust News Network","lang":"en","profile_background_tile":false,"favourites_count":3837,"screen_name":"AusNewsNetwork","notifications":null,"url":"http:\/\/wp.me\/5bdLU","created_at":"Tue Feb 14 06:18:22 +0000 2012","contributors_enabled":false,"time_zone":"Sydney","protected":false,"default_profile":false,"is_translator":false},"geo":null,"in_reply_to_user_id_str":null,"possibly_sensitive":false,"lang":"en","created_at":"Mon Dec 15 15:44:22 +0000 2014","filter_level":"low","in_reply_to_status_id_str":null,"place":null}