{"contributors":null,"truncated":false,"text":"@Uber_Sydney so free or surge pricing? #confused","in_reply_to_status_id":544329935943237632,"id":544331615812345856,"favorite_count":0,"source":"<a href=\"http:\/\/tapbots.com\/tweetbot\" rel=\"nofollow\">Tweetbot for i\u039fS<\/a>","retweeted":false,"coordinates":null,"entities":{"symbols":[],"user_mentions":[{"id":508110571,"indices":[0,12],"id_str":"508110571","screen_name":"Uber_Sydney","name":"Uber Sydney"}],"hashtags":[{"indices":[39,48],"text":"confused"}],"urls":[]},"in_reply_to_screen_name":"Uber_Sydney","id_str":"544331615812345856","retweet_count":0,"in_reply_to_user_id":508110571,"favorited":false,"user":{"follow_request_sent":false,"profile_use_background_image":true,"profile_text_color":"0B257C","default_profile_image":false,"id":21388299,"profile_background_image_url_https":"https:\/\/pbs.twimg.com\/profile_background_images\/264437210\/xee88d64b45eb87a598eead3f8435367.png","verified":false,"profile_location":null,"profile_image_url_https":"https:\/\/pbs.twimg.com\/profile_images\/560357654799720448\/TatrNwUl_normal.jpeg","profile_sidebar_fill_color":"74B2E5","entities":{"url":{"urls":[{"url":"http:\/\/t.co\/7W8TRu8ZK8","indices":[0,22],"expanded_url":"http:\/\/www.andrewvarvel.com","display_url":"andrewvarvel.com"}]},"description":{"urls":[]}},"followers_count":330,"profile_sidebar_border_color":"CDFDFF","id_str":"21388299","profile_background_color":"060606","listed_count":13,"is_translation_enabled":false,"utc_offset":39600,"statuses_count":3303,"description":"Television | Technology | Design | Travel |\nStudio Tech @TENNewsSydney @channelten || Beginner iOS Developer","friends_count":475,"location":"Sydney, Australia","profile_link_color":"1367E1","profile_image_url":"http:\/\/pbs.twimg.com\/profile_images\/560357654799720448\/TatrNwUl_normal.jpeg","following":false,"geo_enabled":true,"profile_banner_url":"https:\/\/pbs.twimg.com\/profile_banners\/21388299\/1415739550","profile_background_image_url":"http:\/\/pbs.twimg.com\/profile_background_images\/264437210\/xee88d64b45eb87a598eead3f8435367.png","name":"Andrew Varvel","lang":"en","profile_background_tile":true,"favourites_count":605,"screen_name":"andrewv","notifications":false,"url":"http:\/\/t.co\/7W8TRu8ZK8","created_at":"Fri Feb 20 10:44:13 +0000 2009","contributors_enabled":false,"time_zone":"Sydney","protected":false,"default_profile":false,"is_translator":false},"geo":null,"in_reply_to_user_id_str":"508110571","lang":"en","created_at":"Mon Dec 15 03:22:25 +0000 2014","in_reply_to_status_id_str":"544329935943237632","place":null}