{"contributors": null, "truncated": false, "text": "@beck_sullivan The rides are free. @Uber_Sydney will be paying the drivers the increased rate out of their own pocket.", "in_reply_to_status_id": 544330922288373760, "id": 544339866050248704, "favorite_count": 0, "source": "<a href=\"http://twitter.com\" rel=\"nofollow\">Twitter Web Client</a>", "retweeted": false, "coordinates": null, "entities": {"symbols": [], "user_mentions": [{"id": 347731735, "indices": [0, 14], "id_str": "347731735", "screen_name": "beck_sullivan", "name": "Rebecca Sullivan"}, {"id": 508110571, "indices": [35, 47], "id_str": "508110571", "screen_name": "Uber_Sydney", "name": "Uber Sydney"}], "hashtags": [], "urls": []}, "in_reply_to_screen_name": "beck_sullivan", "id_str": "544339866050248704", "retweet_count": 0, "in_reply_to_user_id": 347731735, "favorited": false, "user": {"follow_request_sent": false, "profile_use_background_image": true, "profile_text_color": "666666", "default_profile_image": false, "id": 1958171, "profile_background_image_url_https": "https://abs.twimg.com/images/themes/theme9/bg.gif", "verified": false, "profile_location": null, "profile_image_url_https": "https://pbs.twimg.com/profile_images/1821277072/55_520930359233_1207437_33109572_1369_n_normal.jpg", "profile_sidebar_fill_color": "252429", "entities": {"url": {"urls": [{"url": "http://t.co/BFt1reImi4", "indices": [0, 22], "expanded_url": "http://www.nuclearanvil.com", "display_url": "nuclearanvil.com"}]}, "description": {"urls": []}}, "followers_count": 65, "profile_sidebar_border_color": "181A1E", "id_str": "1958171", "profile_background_color": "1A1B1F", "listed_count": 6, "is_translation_enabled": false, "utc_offset": -28800, "statuses_count": 7805, "description": "I promise that when I rise to power, your death will be quick and painless.", "friends_count": 40, "location": "San Francisco", "profile_link_color": "2FC2EF", "profile_image_url": "http://pbs.twimg.com/profile_images/1821277072/55_520930359233_1207437_33109572_1369_n_normal.jpg", "following": false, "geo_enabled": true, "profile_background_image_url": "http://abs.twimg.com/images/themes/theme9/bg.gif", "name": "KL", "lang": "en", "profile_background_tile": false, "favourites_count": 1, "screen_name": "bluemonq", "notifications": false, "url": "http://t.co/BFt1reImi4", "created_at": "Fri Mar 23 00:31:25 +0000 2007", "contributors_enabled": false, "time_zone": "Pacific Time (US & Canada)", "protected": false, "default_profile": false, "is_translator": false}, "geo": null, "in_reply_to_user_id_str": "347731735", "lang": "en", "created_at": "Mon Dec 15 03:55:12 +0000 2014", "in_reply_to_status_id_str": "544330922288373760", "place": null}
