{"contributors": null, "truncated": false, "text": "@ehammonds @Mr_Odin @Uber_Sydney @AndrewCrow Being literate in economics is out of favor these days. Bad for politics.", "in_reply_to_status_id": 544345414670249985, "id": 544345919575949312, "favorite_count": 1, "source": "<a href=\"http://twitter.com/download/android\" rel=\"nofollow\">Twitter for Android</a>", "retweeted": false, "coordinates": null, "entities": {"symbols": [], "user_mentions": [{"id": 16289608, "indices": [0, 10], "id_str": "16289608", "screen_name": "ehammonds", "name": "Eric Hammonds"}, {"id": 17960275, "indices": [11, 19], "id_str": "17960275", "screen_name": "Mr_Odin", "name": "The Old Man"}, {"id": 508110571, "indices": [20, 32], "id_str": "508110571", "screen_name": "Uber_Sydney", "name": "Uber Sydney"}, {"id": 1153, "indices": [33, 44], "id_str": "1153", "screen_name": "AndrewCrow", "name": "Andrew Crow"}], "hashtags": [], "urls": []}, "in_reply_to_screen_name": "ehammonds", "id_str": "544345919575949312", "retweet_count": 0, "in_reply_to_user_id": 16289608, "favorited": false, "user": {"follow_request_sent": false, "profile_use_background_image": true, "profile_text_color": "333333", "default_profile_image": false, "id": 57573899, "profile_background_image_url_https": "https://abs.twimg.com/images/themes/theme1/bg.png", "verified": false, "profile_location": null, "profile_image_url_https": "https://pbs.twimg.com/profile_images/1432724217/1_normal.jpg", "profile_sidebar_fill_color": "DDEEF6", "entities": {"description": {"urls": []}}, "followers_count": 163, "profile_sidebar_border_color": "C0DEED", "id_str": "57573899", "profile_background_color": "C0DEED", "listed_count": 0, "is_translation_enabled": false, "utc_offset": -21600, "statuses_count": 850, "description": "Conervative (sorta).  Blah.", "friends_count": 418, "location": "Phoenix", "profile_link_color": "0084B4", "profile_image_url": "http://pbs.twimg.com/profile_images/1432724217/1_normal.jpg", "following": false, "geo_enabled": true, "profile_background_image_url": "http://abs.twimg.com/images/themes/theme1/bg.png", "name": "Jon Putnam", "lang": "en", "profile_background_tile": false, "favourites_count": 13, "screen_name": "JonnyPut", "notifications": false, "url": null, "created_at": "Fri Jul 17 06:39:41 +0000 2009", "contributors_enabled": false, "time_zone": "Central Time (US & Canada)", "protected": false, "default_profile": true, "is_translator": false}, "geo": null, "in_reply_to_user_id_str": "16289608", "lang": "en", "created_at": "Mon Dec 15 04:19:15 +0000 2014", "in_reply_to_status_id_str": "544345414670249985", "place": null}
