{"contributors":null,"truncated":false,"text":"@alfinitum @Uber_Sydney Yeah I think so. They're getting $100+, riders aren't wearing diff. Good gesture. Poor message transmission","in_reply_to_status_id":544331632086224898,"id":544331790253428738,"favorite_count":1,"source":"<a href=\"https:\/\/about.twitter.com\/products\/tweetdeck\" rel=\"nofollow\">TweetDeck<\/a>","retweeted":false,"coordinates":null,"entities":{"symbols":[],"user_mentions":[{"id":1605344245,"indices":[0,10],"id_str":"1605344245","screen_name":"alfinitum","name":"A. S. Dulcie-Lowe"},{"id":508110571,"indices":[11,23],"id_str":"508110571","screen_name":"Uber_Sydney","name":"Uber Sydney"}],"hashtags":[],"urls":[]},"in_reply_to_screen_name":"alfinitum","id_str":"544331790253428738","retweet_count":0,"in_reply_to_user_id":1605344245,"favorited":false,"user":{"follow_request_sent":false,"profile_use_background_image":true,"profile_text_color":"000000","default_profile_image":false,"id":38578151,"profile_background_image_url_https":"https:\/\/pbs.twimg.com\/profile_background_images\/354157000\/mc5camaro.jpg","verified":false,"profile_location":null,"profile_image_url_https":"https:\/\/pbs.twimg.com\/profile_images\/548021846851866624\/oUQJfuDa_normal.png","profile_sidebar_fill_color":"CFCFE6","entities":{"url":{"urls":[{"url":"http:\/\/t.co\/bkYijkA0yi","indices":[0,22],"expanded_url":"http:\/\/dryobbo.blogspot.com","display_url":"dryobbo.blogspot.com"}]},"description":{"urls":[]}},"followers_count":1989,"profile_sidebar_border_color":"FFFFFF","id_str":"38578151","profile_background_color":"FFFFFF","listed_count":82,"is_translation_enabled":false,"utc_offset":46800,"statuses_count":178157,"description":"Dinosaur.","friends_count":1619,"location":"The Riviera of the Antarctic","profile_link_color":"CC2121","profile_image_url":"http:\/\/pbs.twimg.com\/profile_images\/548021846851866624\/oUQJfuDa_normal.png","following":false,"geo_enabled":false,"profile_banner_url":"https:\/\/pbs.twimg.com\/profile_banners\/38578151\/1405313411","profile_background_image_url":"http:\/\/pbs.twimg.com\/profile_background_images\/354157000\/mc5camaro.jpg","name":"Dr Yobbonbons","lang":"en","profile_background_tile":true,"favourites_count":5271,"screen_name":"DrYobbo","notifications":false,"url":"http:\/\/t.co\/bkYijkA0yi","created_at":"Fri May 08 01:53:18 +0000 2009","contributors_enabled":false,"time_zone":"Auckland","protected":false,"default_profile":false,"is_translator":false},"geo":null,"in_reply_to_user_id_str":"1605344245","lang":"en","created_at":"Mon Dec 15 03:23:06 +0000 2014","in_reply_to_status_id_str":"544331632086224898","place":null}