{"contributors":null,"truncated":false,"text":"@CameronAtfield I still have some misgiving re @Uber_Sydney &amp; earlier comm was confusing, but IMO they're trying. @DrYobbo @COMINT_AU","in_reply_to_status_id":544364547574726656,"id":544366214105952256,"favorite_count":0,"source":"<a href=\"http:\/\/twitter.com\" rel=\"nofollow\">Twitter Web Client<\/a>","retweeted":false,"coordinates":null,"entities":{"symbols":[],"user_mentions":[{"id":27402074,"indices":[0,15],"id_str":"27402074","screen_name":"CameronAtfield","name":"Cameron Atfield"},{"id":508110571,"indices":[47,59],"id_str":"508110571","screen_name":"Uber_Sydney","name":"Uber Sydney"},{"id":38578151,"indices":[118,126],"id_str":"38578151","screen_name":"DrYobbo","name":"Dr Yobbonbons"},{"id":1138504291,"indices":[127,137],"id_str":"1138504291","screen_name":"COMINT_AU","name":"COMINT"}],"hashtags":[],"urls":[]},"in_reply_to_screen_name":"CameronAtfield","id_str":"544366214105952256","retweet_count":0,"in_reply_to_user_id":27402074,"favorited":false,"user":{"follow_request_sent":false,"profile_use_background_image":true,"profile_text_color":"333333","default_profile_image":false,"id":1605344245,"profile_background_image_url_https":"https:\/\/pbs.twimg.com\/profile_background_images\/539378354432913409\/FN2RZGek.jpeg","verified":false,"profile_location":null,"profile_image_url_https":"https:\/\/pbs.twimg.com\/profile_images\/568481244686479360\/-frJW_PP_normal.jpeg","profile_sidebar_fill_color":"EFEFEF","entities":{"url":{"urls":[{"url":"http:\/\/t.co\/PiyXYVdXCO","indices":[0,22],"expanded_url":"http:\/\/alfinitum.wordpress.com","display_url":"alfinitum.wordpress.com"}]},"description":{"urls":[]}},"followers_count":1000,"profile_sidebar_border_color":"000000","id_str":"1605344245","profile_background_color":"131516","listed_count":25,"is_translation_enabled":false,"utc_offset":39600,"statuses_count":11252,"description":"Problem solver. Digital messenger. Urban human. Coffee, cycling, good life. IG @alfinitum","friends_count":712,"location":"Sydney, Australia","profile_link_color":"252973","profile_image_url":"http:\/\/pbs.twimg.com\/profile_images\/568481244686479360\/-frJW_PP_normal.jpeg","following":false,"geo_enabled":true,"profile_banner_url":"https:\/\/pbs.twimg.com\/profile_banners\/1605344245\/1417430589","profile_background_image_url":"http:\/\/pbs.twimg.com\/profile_background_images\/539378354432913409\/FN2RZGek.jpeg","name":"A. S. Dulcie-Lowe","lang":"en","profile_background_tile":true,"favourites_count":76,"screen_name":"alfinitum","notifications":false,"url":"http:\/\/t.co\/PiyXYVdXCO","created_at":"Fri Jul 19 07:16:55 +0000 2013","contributors_enabled":false,"time_zone":"Sydney","protected":false,"default_profile":false,"is_translator":false},"geo":null,"in_reply_to_user_id_str":"27402074","lang":"en","created_at":"Mon Dec 15 05:39:53 +0000 2014","in_reply_to_status_id_str":"544364547574726656","place":null}