{"contributors":null,"truncated":false,"text":"@Uber_Sydney what do you define as CBD? Where does the boundary end?","in_reply_to_status_id":544346961097138176,"id":544347172024508417,"favorite_count":0,"source":"<a href=\"https:\/\/about.twitter.com\/products\/tweetdeck\" rel=\"nofollow\">TweetDeck<\/a>","retweeted":false,"coordinates":null,"entities":{"symbols":[],"user_mentions":[{"id":508110571,"indices":[0,12],"id_str":"508110571","screen_name":"Uber_Sydney","name":"Uber Sydney"}],"hashtags":[],"urls":[]},"in_reply_to_screen_name":"Uber_Sydney","id_str":"544347172024508417","retweet_count":0,"in_reply_to_user_id":508110571,"favorited":false,"user":{"follow_request_sent":false,"profile_use_background_image":true,"profile_text_color":"333333","default_profile_image":false,"id":1177605036,"profile_background_image_url_https":"https:\/\/abs.twimg.com\/images\/themes\/theme1\/bg.png","verified":true,"profile_location":null,"profile_image_url_https":"https:\/\/pbs.twimg.com\/profile_images\/550594590831423488\/bUkSrakd_normal.jpeg","profile_sidebar_fill_color":"DDEEF6","entities":{"url":{"urls":[{"url":"http:\/\/t.co\/FMknMT92Ja","indices":[0,22],"expanded_url":"http:\/\/bit.ly\/1hPePvS","display_url":"bit.ly\/1hPePvS"}]},"description":{"urls":[{"url":"http:\/\/t.co\/7t8oInNm7e","indices":[39,61],"expanded_url":"http:\/\/news.com.au","display_url":"news.com.au"}]}},"followers_count":981,"profile_sidebar_border_color":"C0DEED","id_str":"1177605036","profile_background_color":"C0DEED","listed_count":31,"is_translation_enabled":false,"utc_offset":39600,"statuses_count":9871,"description":"I write about tech, cars, whatever for http:\/\/t.co\/7t8oInNm7e. Semi-retired point guard.","friends_count":735,"location":"Sydney\/Bathurst","profile_link_color":"0048B3","profile_image_url":"http:\/\/pbs.twimg.com\/profile_images\/550594590831423488\/bUkSrakd_normal.jpeg","following":false,"geo_enabled":true,"profile_banner_url":"https:\/\/pbs.twimg.com\/profile_banners\/1177605036\/1408241648","profile_background_image_url":"http:\/\/abs.twimg.com\/images\/themes\/theme1\/bg.png","name":"Little Tucker Boy","lang":"en","profile_background_tile":false,"favourites_count":772,"screen_name":"harrytuckerr","notifications":false,"url":"http:\/\/t.co\/FMknMT92Ja","created_at":"Thu Feb 14 04:10:09 +0000 2013","contributors_enabled":false,"time_zone":"Sydney","protected":false,"default_profile":false,"is_translator":false},"geo":null,"in_reply_to_user_id_str":"508110571","lang":"en","created_at":"Mon Dec 15 04:24:13 +0000 2014","in_reply_to_status_id_str":"544346961097138176","place":null}