{"contributors": null, "truncated": false, "text": "@Uber_Sydney @EnglishEmma @universe93 Only after #worldwide backlash. Kinda like getting your hand caught in the cookie jar. #amirite ?", "in_reply_to_status_id": 544350806300848129, "id": 544351211403505666, "favorite_count": 1, "source": "<a href=\"http://twitter.com\" rel=\"nofollow\">Twitter Web Client</a>", "retweeted": false, "coordinates": null, "entities": {"symbols": [], "user_mentions": [{"id": 508110571, "indices": [0, 12], "id_str": "508110571", "screen_name": "Uber_Sydney", "name": "Uber Sydney"}, {"id": 233048867, "indices": [13, 25], "id_str": "233048867", "screen_name": "EnglishEmma", "name": "Emma E"}, {"id": 20228905, "indices": [26, 37], "id_str": "20228905", "screen_name": "universe93", "name": "Char"}], "hashtags": [{"indices": [49, 59], "text": "worldwide"}, {"indices": [125, 133], "text": "amirite"}], "urls": []}, "in_reply_to_screen_name": "Uber_Sydney", "id_str": "544351211403505666", "retweet_count": 1, "in_reply_to_user_id": 508110571, "favorited": false, "user": {"follow_request_sent": false, "profile_use_background_image": true, "profile_text_color": "333333", "default_profile_image": false, "id": 256447590, "profile_background_image_url_https": "https://abs.twimg.com/images/themes/theme14/bg.gif", "verified": false, "profile_location": null, "profile_image_url_https": "https://pbs.twimg.com/profile_images/524577899974647808/oZBZf7Tf_normal.jpeg", "profile_sidebar_fill_color": "EFEFEF", "entities": {"description": {"urls": []}}, "followers_count": 52, "profile_sidebar_border_color": "EEEEEE", "id_str": "256447590", "profile_background_color": "131516", "listed_count": 0, "is_translation_enabled": false, "utc_offset": 39600, "statuses_count": 586, "description": "Hey Google, Don't be Evil is yr motto. It must be a hard road to travel. Google Ventures eats countries alive.", "friends_count": 84, "location": "Here", "profile_link_color": "009999", "profile_image_url": "http://pbs.twimg.com/profile_images/524577899974647808/oZBZf7Tf_normal.jpeg", "following": false, "geo_enabled": false, "profile_banner_url": "https://pbs.twimg.com/profile_banners/256447590/1413903744", "profile_background_image_url": "http://abs.twimg.com/images/themes/theme14/bg.gif", "name": "Numbers", "lang": "en", "profile_background_tile": true, "favourites_count": 477, "screen_name": "life19082492084", "notifications": false, "url": null, "created_at": "Wed Feb 23 10:26:58 +0000 2011", "contributors_enabled": false, "time_zone": "Sydney", "protected": false, "default_profile": false, "is_translator": false}, "geo": null, "in_reply_to_user_id_str": "508110571", "lang": "en", "created_at": "Mon Dec 15 04:40:17 +0000 2014", "in_reply_to_status_id_str": "544350806300848129", "place": null}
