{"contributors": null, "truncated": false, "text": "@Uber_Sydney Yes, that's excellent. What is the wait time for a ride out of the Sydney CBD right now? Are rides available right now?", "in_reply_to_status_id": 544352643242409984, "id": 544353280265293824, "favorite_count": 0, "source": "<a href=\"http://twitter.com\" rel=\"nofollow\">Twitter Web Client</a>", "retweeted": false, "coordinates": null, "entities": {"symbols": [], "user_mentions": [{"id": 508110571, "indices": [0, 12], "id_str": "508110571", "screen_name": "Uber_Sydney", "name": "Uber Sydney"}], "hashtags": [], "urls": []}, "in_reply_to_screen_name": "Uber_Sydney", "id_str": "544353280265293824", "retweet_count": 0, "in_reply_to_user_id": 508110571, "favorited": false, "user": {"follow_request_sent": false, "profile_use_background_image": false, "profile_text_color": "000000", "default_profile_image": false, "id": 16289608, "profile_background_image_url_https": "https://abs.twimg.com/images/themes/theme1/bg.png", "verified": false, "profile_location": null, "profile_image_url_https": "https://pbs.twimg.com/profile_images/422198746915422208/ZlqmAnbc_normal.jpeg", "profile_sidebar_fill_color": "DFDFDF", "entities": {"url": {"urls": [{"url": "http://t.co/TkjivB1GSm", "indices": [0, 22], "expanded_url": "http://www.ncpa.org/pdfs/whatisclassicalliberalism.pdf", "display_url": "ncpa.org/pdfs/whatiscla\u2026"}]}, "description": {"urls": []}}, "followers_count": 1804, "profile_sidebar_border_color": "000000", "id_str": "16289608", "profile_background_color": "878787", "listed_count": 28, "is_translation_enabled": false, "utc_offset": -18000, "statuses_count": 7936, "description": "Database expert, hacker, classical liberal, individualist, anti-socialist", "friends_count": 1997, "location": "Atlanta, GA", "profile_link_color": "0000FF", "profile_image_url": "http://pbs.twimg.com/profile_images/422198746915422208/ZlqmAnbc_normal.jpeg", "following": false, "geo_enabled": false, "profile_banner_url": "https://pbs.twimg.com/profile_banners/16289608/1357866071", "profile_background_image_url": "http://abs.twimg.com/images/themes/theme1/bg.png", "name": "Eric Hammonds", "lang": "en", "profile_background_tile": false, "favourites_count": 1083, "screen_name": "ehammonds", "notifications": false, "url": "http://t.co/TkjivB1GSm", "created_at": "Mon Sep 15 00:48:18 +0000 2008", "contributors_enabled": false, "time_zone": "Eastern Time (US & Canada)", "protected": false, "default_profile": false, "is_translator": false}, "geo": null, "in_reply_to_user_id_str": "508110571", "lang": "en", "created_at": "Mon Dec 15 04:48:30 +0000 2014", "in_reply_to_status_id_str": "544352643242409984", "place": null}
