{"contributors":null,"truncated":false,"text":"@DrYobbo initial message did imply that riders can cop hike. Much better. @Uber_Sydney","in_reply_to_status_id":544331790253428738,"id":544332086937546752,"favorite_count":1,"source":"<a href=\"http:\/\/twitter.com\" rel=\"nofollow\">Twitter Web Client<\/a>","retweeted":false,"coordinates":null,"entities":{"symbols":[],"user_mentions":[{"id":38578151,"indices":[0,8],"id_str":"38578151","screen_name":"DrYobbo","name":"Dr Yobbonbons"},{"id":508110571,"indices":[74,86],"id_str":"508110571","screen_name":"Uber_Sydney","name":"Uber Sydney"}],"hashtags":[],"urls":[]},"in_reply_to_screen_name":"DrYobbo","id_str":"544332086937546752","retweet_count":0,"in_reply_to_user_id":38578151,"favorited":false,"user":{"follow_request_sent":false,"profile_use_background_image":true,"profile_text_color":"333333","default_profile_image":false,"id":1605344245,"profile_background_image_url_https":"https:\/\/pbs.twimg.com\/profile_background_images\/539378354432913409\/FN2RZGek.jpeg","verified":false,"profile_location":null,"profile_image_url_https":"https:\/\/pbs.twimg.com\/profile_images\/568481244686479360\/-frJW_PP_normal.jpeg","profile_sidebar_fill_color":"EFEFEF","entities":{"url":{"urls":[{"url":"http:\/\/t.co\/PiyXYVdXCO","indices":[0,22],"expanded_url":"http:\/\/alfinitum.wordpress.com","display_url":"alfinitum.wordpress.com"}]},"description":{"urls":[]}},"followers_count":1000,"profile_sidebar_border_color":"000000","id_str":"1605344245","profile_background_color":"131516","listed_count":25,"is_translation_enabled":false,"utc_offset":39600,"statuses_count":11252,"description":"Problem solver. Digital messenger. Urban human. Coffee, cycling, good life. IG @alfinitum","friends_count":712,"location":"Sydney, Australia","profile_link_color":"252973","profile_image_url":"http:\/\/pbs.twimg.com\/profile_images\/568481244686479360\/-frJW_PP_normal.jpeg","following":false,"geo_enabled":true,"profile_banner_url":"https:\/\/pbs.twimg.com\/profile_banners\/1605344245\/1417430589","profile_background_image_url":"http:\/\/pbs.twimg.com\/profile_background_images\/539378354432913409\/FN2RZGek.jpeg","name":"A. S. Dulcie-Lowe","lang":"en","profile_background_tile":true,"favourites_count":76,"screen_name":"alfinitum","notifications":false,"url":"http:\/\/t.co\/PiyXYVdXCO","created_at":"Fri Jul 19 07:16:55 +0000 2013","contributors_enabled":false,"time_zone":"Sydney","protected":false,"default_profile":false,"is_translator":false},"geo":null,"in_reply_to_user_id_str":"38578151","lang":"en","created_at":"Mon Dec 15 03:24:17 +0000 2014","in_reply_to_status_id_str":"544331790253428738","place":null}