{"contributors":null,"truncated":false,"text":"@Uber_Sydney @DrYobbo @COMINT_AU @alfinitum Well that's not true. First, you tweeted an explanation about why you were gouging customers.","in_reply_to_status_id":544364150319611904,"id":544364547574726656,"favorite_count":0,"source":"<a href=\"http:\/\/twitter.com\" rel=\"nofollow\">Twitter Web Client<\/a>","retweeted":false,"coordinates":null,"entities":{"symbols":[],"user_mentions":[{"id":508110571,"indices":[0,12],"id_str":"508110571","screen_name":"Uber_Sydney","name":"Uber Sydney"},{"id":38578151,"indices":[13,21],"id_str":"38578151","screen_name":"DrYobbo","name":"Dr Yobbonbons"},{"id":1138504291,"indices":[22,32],"id_str":"1138504291","screen_name":"COMINT_AU","name":"COMINT"},{"id":1605344245,"indices":[33,43],"id_str":"1605344245","screen_name":"alfinitum","name":"A. S. Dulcie-Lowe"}],"hashtags":[],"urls":[]},"in_reply_to_screen_name":"Uber_Sydney","id_str":"544364547574726656","retweet_count":0,"in_reply_to_user_id":508110571,"favorited":false,"user":{"follow_request_sent":false,"profile_use_background_image":true,"profile_text_color":"666666","default_profile_image":false,"id":27402074,"profile_background_image_url_https":"https:\/\/pbs.twimg.com\/profile_background_images\/676993835\/ab90b81655f4f786e44887caebc167e4.jpeg","verified":true,"profile_location":null,"profile_image_url_https":"https:\/\/pbs.twimg.com\/profile_images\/576156008998838272\/nFUXoEOS_normal.jpeg","profile_sidebar_fill_color":"252429","entities":{"url":{"urls":[{"url":"http:\/\/t.co\/GZSUxPIoEG","indices":[0,22],"expanded_url":"http:\/\/www.brisbanetimes.com.au","display_url":"brisbanetimes.com.au"}]},"description":{"urls":[]}},"followers_count":3038,"profile_sidebar_border_color":"FFFFFF","id_str":"27402074","profile_background_color":"1A1B1F","listed_count":119,"is_translation_enabled":false,"utc_offset":36000,"statuses_count":29778,"description":"@brisbanetimes and @smh (The Sun-Herald) journalist. Proud @mediaalliance delegate. Opinions expressed are yours, not mine. Swearing not endorsed by Fairfax.","friends_count":1516,"location":"Brisbane, Australia","profile_link_color":"2FC2EF","profile_image_url":"http:\/\/pbs.twimg.com\/profile_images\/576156008998838272\/nFUXoEOS_normal.jpeg","following":false,"geo_enabled":false,"profile_banner_url":"https:\/\/pbs.twimg.com\/profile_banners\/27402074\/1355433164","profile_background_image_url":"http:\/\/pbs.twimg.com\/profile_background_images\/676993835\/ab90b81655f4f786e44887caebc167e4.jpeg","name":"Cameron Atfield","lang":"en","profile_background_tile":true,"favourites_count":660,"screen_name":"CameronAtfield","notifications":false,"url":"http:\/\/t.co\/GZSUxPIoEG","created_at":"Sun Mar 29 09:03:10 +0000 2009","contributors_enabled":false,"time_zone":"Brisbane","protected":false,"default_profile":false,"is_translator":false},"geo":null,"in_reply_to_user_id_str":"508110571","lang":"en","created_at":"Mon Dec 15 05:33:16 +0000 2014","in_reply_to_status_id_str":"544364150319611904","place":null}