{"contributors":null,"truncated":false,"text":"@Uber_Sydney that's like the most confusing statement ever. The social media department of Uber Sydney is high or something?","in_reply_to_status_id":544329935943237632,"id":544330593228840961,"favorite_count":12,"source":"<a href=\"http:\/\/twitter.com\" rel=\"nofollow\">Twitter Web Client<\/a>","retweeted":false,"coordinates":null,"entities":{"symbols":[],"user_mentions":[{"id":508110571,"indices":[0,12],"id_str":"508110571","screen_name":"Uber_Sydney","name":"Uber Sydney"}],"hashtags":[],"urls":[]},"in_reply_to_screen_name":"Uber_Sydney","id_str":"544330593228840961","retweet_count":4,"in_reply_to_user_id":508110571,"favorited":false,"user":{"follow_request_sent":false,"profile_use_background_image":true,"profile_text_color":"333333","default_profile_image":false,"id":94975564,"profile_background_image_url_https":"https:\/\/abs.twimg.com\/images\/themes\/theme15\/bg.png","verified":false,"profile_location":null,"profile_image_url_https":"https:\/\/pbs.twimg.com\/profile_images\/572380756035399680\/VsrElzbp_normal.jpeg","profile_sidebar_fill_color":"C0DFEC","entities":{"description":{"urls":[]}},"followers_count":95,"profile_sidebar_border_color":"A8C7F7","id_str":"94975564","profile_background_color":"022330","listed_count":2,"is_translation_enabled":false,"utc_offset":-21600,"statuses_count":1207,"description":"Documentary Filmmaker. Erasmus Mundus scholar. Retweets ARE endorsements","friends_count":405,"location":"Brussels, Belgium","profile_link_color":"06232E","profile_image_url":"http:\/\/pbs.twimg.com\/profile_images\/572380756035399680\/VsrElzbp_normal.jpeg","following":false,"geo_enabled":true,"profile_banner_url":"https:\/\/pbs.twimg.com\/profile_banners\/94975564\/1402708044","profile_background_image_url":"http:\/\/abs.twimg.com\/images\/themes\/theme15\/bg.png","name":"Umair Bilal","lang":"en","profile_background_tile":false,"favourites_count":48,"screen_name":"Umair_Bilal","notifications":false,"url":null,"created_at":"Sun Dec 06 10:30:24 +0000 2009","contributors_enabled":false,"time_zone":"Central Time (US & Canada)","protected":false,"default_profile":false,"is_translator":false},"geo":null,"in_reply_to_user_id_str":"508110571","lang":"en","created_at":"Mon Dec 15 03:18:21 +0000 2014","in_reply_to_status_id_str":"544329935943237632","place":{"full_name":"Brussels","url":"https:\/\/api.twitter.com\/1.1\/geo\/id\/0653bb913c88c1ea.json","country":"Belgi\u00eb","place_type":"city","bounding_box":{"type":"Polygon","coordinates":[[[4.3139889,50.7960625],[4.4369472,50.7960625],[4.4369472,50.9137064],[4.3139889,50.9137064]]]},"contained_within":[],"country_code":"BE","attributes":{},"id":"0653bb913c88c1ea","name":"Brussels"}}