{"contributors": null, "truncated": false, "text": "@iGottaTravel @mtats Uber is covering the cost of all rides.", "in_reply_to_status_id": 544330821365014529, "id": 544347055754199040, "favorite_count": 0, "source": "<a href=\"http://twitter.com\" rel=\"nofollow\">Twitter Web Client</a>", "retweeted": false, "coordinates": null, "entities": {"symbols": [], "user_mentions": [{"id": 7321402, "indices": [0, 13], "id_str": "7321402", "screen_name": "iGottaTravel", "name": "iGottaTravel \u2708"}, {"id": 16778161, "indices": [14, 20], "id_str": "16778161", "screen_name": "mtats", "name": "its christmtats time"}], "hashtags": [], "urls": []}, "in_reply_to_screen_name": "iGottaTravel", "id_str": "544347055754199040", "retweet_count": 0, "in_reply_to_user_id": 7321402, "favorited": false, "user": {"follow_request_sent": false, "profile_use_background_image": true, "profile_text_color": "333333", "default_profile_image": false, "id": 508110571, "profile_background_image_url_https": "https://pbs.twimg.com/profile_background_images/670201098/e225eee0d9fae7f68c259719f4996a13.jpeg", "verified": true, "profile_location": null, "profile_image_url_https": "https://pbs.twimg.com/profile_images/439543281869803520/8nscifmJ_normal.png", "profile_sidebar_fill_color": "DDEEF6", "entities": {"url": {"urls": [{"url": "http://t.co/5EVh9NTMaE", "indices": [0, 22], "expanded_url": "http://www.uber.com/go/ubersydtwitter", "display_url": "uber.com/go/ubersydtwit\u2026"}]}, "description": {"urls": []}}, "followers_count": 5125, "profile_sidebar_border_color": "FFFFFF", "id_str": "508110571", "profile_background_color": "C0DEED", "listed_count": 59, "is_translation_enabled": false, "utc_offset": null, "statuses_count": 3142, "description": "Your own on-demand private driver. Get the app, then order a stylish ride to take you where you want.", "friends_count": 675, "location": "Sydney", "profile_link_color": "0084B4", "profile_image_url": "http://pbs.twimg.com/profile_images/439543281869803520/8nscifmJ_normal.png", "following": false, "geo_enabled": false, "profile_banner_url": "https://pbs.twimg.com/profile_banners/508110571/1398287647", "profile_background_image_url": "http://pbs.twimg.com/profile_background_images/670201098/e225eee0d9fae7f68c259719f4996a13.jpeg", "name": "Uber Sydney", "lang": "en", "profile_background_tile": false, "favourites_count": 1533, "screen_name": "Uber_Sydney", "notifications": false, "url": "http://t.co/5EVh9NTMaE", "created_at": "Wed Feb 29 00:01:36 +0000 2012", "contributors_enabled": false, "time_zone": null, "protected": false, "default_profile": false, "is_translator": false}, "geo": null, "in_reply_to_user_id_str": "7321402", "lang": "en", "created_at": "Mon Dec 15 04:23:46 +0000 2014", "in_reply_to_status_id_str": "544330821365014529", "place": null}
