{"contributors": null, "truncated": false, "text": "\u201c@Uber_Sydney: @nicholasderoose Uber trips out of the CBD today are free to help Sydneysiders get home safely. See http://t.co/q8P16Am0QU\u201d", "in_reply_to_status_id": 544346902439809024, "id": 544348155752370177, "favorite_count": 0, "source": "<a href=\"http://twitter.com/download/iphone\" rel=\"nofollow\">Twitter for iPhone</a>", "retweeted": false, "coordinates": null, "entities": {"symbols": [], "user_mentions": [{"id": 508110571, "indices": [1, 13], "id_str": "508110571", "screen_name": "Uber_Sydney", "name": "Uber Sydney"}, {"id": 18640341, "indices": [15, 31], "id_str": "18640341", "screen_name": "nicholasderoose", "name": "nicholasderoose"}], "hashtags": [], "urls": [{"url": "http://t.co/q8P16Am0QU", "indices": [115, 137], "expanded_url": "http://t.uber.com/sydfree", "display_url": "t.uber.com/sydfree"}]}, "in_reply_to_screen_name": "Uber_Sydney", "id_str": "544348155752370177", "retweet_count": 0, "in_reply_to_user_id": 508110571, "favorited": false, "user": {"follow_request_sent": false, "profile_use_background_image": true, "profile_text_color": "333333", "default_profile_image": false, "id": 18640341, "profile_background_image_url_https": "https://abs.twimg.com/images/themes/theme1/bg.png", "verified": false, "profile_location": null, "profile_image_url_https": "https://pbs.twimg.com/profile_images/1320332243/8433_281137985570_760835570_8928579_8341082_n_normal.jpg", "profile_sidebar_fill_color": "DDEEF6", "entities": {"description": {"urls": []}}, "followers_count": 312, "profile_sidebar_border_color": "C0DEED", "id_str": "18640341", "profile_background_color": "C0DEED", "listed_count": 10, "is_translation_enabled": false, "utc_offset": 28800, "statuses_count": 6679, "description": "Storyteller, photographer, food lover, world traveller.", "friends_count": 267, "location": "Singapore", "profile_link_color": "0084B4", "profile_image_url": "http://pbs.twimg.com/profile_images/1320332243/8433_281137985570_760835570_8928579_8341082_n_normal.jpg", "following": false, "geo_enabled": true, "profile_background_image_url": "http://abs.twimg.com/images/themes/theme1/bg.png", "name": "nicholasderoose", "lang": "en", "profile_background_tile": false, "favourites_count": 6, "screen_name": "nicholasderoose", "notifications": false, "url": null, "created_at": "Mon Jan 05 18:43:30 +0000 2009", "contributors_enabled": false, "time_zone": "Singapore", "protected": false, "default_profile": true, "is_translator": false}, "geo": null, "in_reply_to_user_id_str": "508110571", "possibly_sensitive": false, "lang": "en", "created_at": "Mon Dec 15 04:28:08 +0000 2014", "in_reply_to_status_id_str": "544346902439809024", "place": null}
