{"contributors":null,"truncated":false,"text":"@Uber_Sydney thank you for fixing this situation.","in_reply_to_status_id":544329935943237632,"id":544330529529548801,"favorite_count":1,"source":"<a href=\"http:\/\/twitter.com\" rel=\"nofollow\">Twitter Web Client<\/a>","retweeted":false,"coordinates":null,"entities":{"symbols":[],"user_mentions":[{"id":508110571,"indices":[0,12],"id_str":"508110571","screen_name":"Uber_Sydney","name":"Uber Sydney"}],"hashtags":[],"urls":[]},"in_reply_to_screen_name":"Uber_Sydney","id_str":"544330529529548801","retweet_count":0,"in_reply_to_user_id":508110571,"favorited":false,"user":{"follow_request_sent":false,"profile_use_background_image":true,"profile_text_color":"333333","default_profile_image":false,"id":1243025179,"profile_background_image_url_https":"https:\/\/abs.twimg.com\/images\/themes\/theme1\/bg.png","verified":false,"profile_location":null,"profile_image_url_https":"https:\/\/pbs.twimg.com\/profile_images\/578816691494240256\/NfQl89nw_normal.jpeg","profile_sidebar_fill_color":"DDEEF6","entities":{"description":{"urls":[]}},"followers_count":384,"profile_sidebar_border_color":"C0DEED","id_str":"1243025179","profile_background_color":"C0DEED","listed_count":12,"is_translation_enabled":false,"utc_offset":39600,"statuses_count":2981,"description":"Renewable Fuels and Chemicals, Rugby Tragic, Fleet Geek, all things Startup","friends_count":529,"location":"","profile_link_color":"0084B4","profile_image_url":"http:\/\/pbs.twimg.com\/profile_images\/578816691494240256\/NfQl89nw_normal.jpeg","following":false,"geo_enabled":false,"profile_banner_url":"https:\/\/pbs.twimg.com\/profile_banners\/1243025179\/1403405633","profile_background_image_url":"http:\/\/abs.twimg.com\/images\/themes\/theme1\/bg.png","name":"Nicole Williamson","lang":"en","profile_background_tile":false,"favourites_count":2210,"screen_name":"NicoleWill100","notifications":false,"url":null,"created_at":"Tue Mar 05 06:27:02 +0000 2013","contributors_enabled":false,"time_zone":"Sydney","protected":false,"default_profile":true,"is_translator":false},"geo":null,"in_reply_to_user_id_str":"508110571","lang":"en","created_at":"Mon Dec 15 03:18:06 +0000 2014","in_reply_to_status_id_str":"544329935943237632","place":null}