{"contributors":null,"truncated":false,"text":"@Uber_Sydney @COMINT_AU http:\/\/t.co\/gHvtKoE8nR","in_reply_to_status_id":544375845402341377,"id":544379605818159104,"favorite_count":0,"source":"<a href=\"http:\/\/twitter.com\/#!\/download\/ipad\" rel=\"nofollow\">Twitter for iPad<\/a>","retweeted":false,"coordinates":null,"entities":{"symbols":[],"user_mentions":[{"id":508110571,"indices":[0,12],"id_str":"508110571","screen_name":"Uber_Sydney","name":"Uber Sydney"},{"id":1138504291,"indices":[13,23],"id_str":"1138504291","screen_name":"COMINT_AU","name":"COMINT"}],"hashtags":[],"urls":[],"media":[{"expanded_url":"http:\/\/twitter.com\/RunnaLittle\/status\/544379605818159104\/photo\/1","display_url":"pic.twitter.com\/gHvtKoE8nR","url":"http:\/\/t.co\/gHvtKoE8nR","media_url_https":"https:\/\/pbs.twimg.com\/media\/B44GW2cCMAAi0mP.jpg","id_str":"544379594598395904","sizes":{"large":{"h":552,"resize":"fit","w":1024},"small":{"h":183,"resize":"fit","w":340},"medium":{"h":323,"resize":"fit","w":600},"thumb":{"h":150,"resize":"crop","w":150}},"indices":[24,46],"type":"photo","id":544379594598395904,"media_url":"http:\/\/pbs.twimg.com\/media\/B44GW2cCMAAi0mP.jpg"}]},"in_reply_to_screen_name":"Uber_Sydney","id_str":"544379605818159104","retweet_count":0,"in_reply_to_user_id":508110571,"favorited":false,"user":{"follow_request_sent":false,"profile_use_background_image":true,"profile_text_color":"333333","default_profile_image":false,"id":47528792,"profile_background_image_url_https":"https:\/\/abs.twimg.com\/images\/themes\/theme15\/bg.png","verified":false,"profile_location":null,"profile_image_url_https":"https:\/\/pbs.twimg.com\/profile_images\/568963981205708800\/hB7_w6j-_normal.jpeg","profile_sidebar_fill_color":"C0DFEC","entities":{"description":{"urls":[]}},"followers_count":264,"profile_sidebar_border_color":"A8C7F7","id_str":"47528792","profile_background_color":"022330","listed_count":13,"is_translation_enabled":false,"utc_offset":39600,"statuses_count":6292,"description":"Professional Slacker, Football Fan, Lapsed Runner, Whisky drinker. Not a journalist.","friends_count":486,"location":"Melbourne, Australia","profile_link_color":"0084B4","profile_image_url":"http:\/\/pbs.twimg.com\/profile_images\/568963981205708800\/hB7_w6j-_normal.jpeg","following":false,"geo_enabled":false,"profile_banner_url":"https:\/\/pbs.twimg.com\/profile_banners\/47528792\/1416320465","profile_background_image_url":"http:\/\/abs.twimg.com\/images\/themes\/theme15\/bg.png","name":"RunnaLittle","lang":"en","profile_background_tile":false,"favourites_count":1383,"screen_name":"RunnaLittle","notifications":false,"url":null,"created_at":"Tue Jun 16 03:19:09 +0000 2009","contributors_enabled":false,"time_zone":"Melbourne","protected":false,"default_profile":false,"is_translator":false},"geo":null,"in_reply_to_user_id_str":"508110571","possibly_sensitive":false,"lang":"und","created_at":"Mon Dec 15 06:33:06 +0000 2014","in_reply_to_status_id_str":"544375845402341377","place":null,"extended_entities":{"media":[{"expanded_url":"http:\/\/twitter.com\/RunnaLittle\/status\/544379605818159104\/photo\/1","display_url":"pic.twitter.com\/gHvtKoE8nR","url":"http:\/\/t.co\/gHvtKoE8nR","media_url_https":"https:\/\/pbs.twimg.com\/media\/B44GW2cCMAAi0mP.jpg","id_str":"544379594598395904","sizes":{"large":{"h":552,"resize":"fit","w":1024},"small":{"h":183,"resize":"fit","w":340},"medium":{"h":323,"resize":"fit","w":600},"thumb":{"h":150,"resize":"crop","w":150}},"indices":[24,46],"type":"photo","id":544379594598395904,"media_url":"http:\/\/pbs.twimg.com\/media\/B44GW2cCMAAi0mP.jpg"}]}}