{"contributors": null, "truncated": false, "text": "@MWhalan for sure", "in_reply_to_status_id": 544333969970302977, "id": 544341800719106049, "favorite_count": 0, "source": "<a href=\"http://twitter.com/download/android\" rel=\"nofollow\">Twitter for Android</a>", "retweeted": false, "coordinates": null, "entities": {"symbols": [], "user_mentions": [{"id": 47239788, "indices": [0, 8], "id_str": "47239788", "screen_name": "MWhalan", "name": "Mark Whalan"}], "hashtags": [], "urls": []}, "in_reply_to_screen_name": "MWhalan", "id_str": "544341800719106049", "retweet_count": 0, "in_reply_to_user_id": 47239788, "favorited": false, "user": {"follow_request_sent": false, "profile_use_background_image": true, "profile_text_color": "79B81A", "default_profile_image": false, "id": 7321402, "profile_background_image_url_https": "https://pbs.twimg.com/profile_background_images/537243348/467586_264963583592227_264959466925972_581421_580783620_o.jpg", "verified": false, "profile_location": null, "profile_image_url_https": "https://pbs.twimg.com/profile_images/602445336/ME_normal.jpg", "profile_sidebar_fill_color": "380814", "entities": {"url": {"urls": [{"url": "http://t.co/nGZqLOKSaL", "indices": [0, 22], "expanded_url": "http://about.me/kimruth", "display_url": "about.me/kimruth"}]}, "description": {"urls": []}}, "followers_count": 1295, "profile_sidebar_border_color": "450810", "id_str": "7321402", "profile_background_color": "7B85A8", "listed_count": 33, "is_translation_enabled": false, "utc_offset": 46800, "statuses_count": 7015, "description": "New Yorker. Living abroad in Australia. Travel Enthusiast. Blogger. Pizza Critic. Falling in love every morning. Learning something new everyday.", "friends_count": 2001, "location": "Double Bay, Sydney, Australia", "profile_link_color": "142369", "profile_image_url": "http://pbs.twimg.com/profile_images/602445336/ME_normal.jpg", "following": false, "geo_enabled": false, "profile_banner_url": "https://pbs.twimg.com/profile_banners/7321402/1404817739", "profile_background_image_url": "http://pbs.twimg.com/profile_background_images/537243348/467586_264963583592227_264959466925972_581421_580783620_o.jpg", "name": "iGottaTravel \u2708", "lang": "en", "profile_background_tile": true, "favourites_count": 43, "screen_name": "iGottaTravel", "notifications": false, "url": "http://t.co/nGZqLOKSaL", "created_at": "Sun Jul 08 02:22:40 +0000 2007", "contributors_enabled": false, "time_zone": "Auckland", "protected": false, "default_profile": false, "is_translator": false}, "geo": null, "in_reply_to_user_id_str": "47239788", "lang": "en", "created_at": "Mon Dec 15 04:02:53 +0000 2014", "in_reply_to_status_id_str": "544333969970302977", "place": null}
