{"contributors":null,"truncated":false,"text":"that's better RT @Uber_Sydney: Uber Sydney trips from CBD will be free for riders. Higher rates still in place to encourage drivers","in_reply_to_status_id":544329935943237632,"id":544331338317565953,"favorite_count":5,"source":"<a href=\"http:\/\/www.hootsuite.com\" rel=\"nofollow\">Hootsuite<\/a>","retweeted":false,"coordinates":null,"entities":{"symbols":[],"user_mentions":[{"id":508110571,"indices":[17,29],"id_str":"508110571","screen_name":"Uber_Sydney","name":"Uber Sydney"}],"hashtags":[],"urls":[]},"in_reply_to_screen_name":"Uber_Sydney","id_str":"544331338317565953","retweet_count":3,"in_reply_to_user_id":508110571,"favorited":false,"user":{"follow_request_sent":false,"profile_use_background_image":true,"profile_text_color":"333333","default_profile_image":false,"id":1605344245,"profile_background_image_url_https":"https:\/\/pbs.twimg.com\/profile_background_images\/539378354432913409\/FN2RZGek.jpeg","verified":false,"profile_location":null,"profile_image_url_https":"https:\/\/pbs.twimg.com\/profile_images\/568481244686479360\/-frJW_PP_normal.jpeg","profile_sidebar_fill_color":"EFEFEF","entities":{"url":{"urls":[{"url":"http:\/\/t.co\/PiyXYVdXCO","indices":[0,22],"expanded_url":"http:\/\/alfinitum.wordpress.com","display_url":"alfinitum.wordpress.com"}]},"description":{"urls":[]}},"followers_count":1001,"profile_sidebar_border_color":"000000","id_str":"1605344245","profile_background_color":"131516","listed_count":25,"is_translation_enabled":false,"utc_offset":39600,"statuses_count":11258,"description":"Problem solver. Digital messenger. Urban human. Coffee, cycling, good life. IG @alfinitum","friends_count":712,"location":"Sydney, Australia","profile_link_color":"252973","profile_image_url":"http:\/\/pbs.twimg.com\/profile_images\/568481244686479360\/-frJW_PP_normal.jpeg","following":false,"geo_enabled":true,"profile_banner_url":"https:\/\/pbs.twimg.com\/profile_banners\/1605344245\/1417430589","profile_background_image_url":"http:\/\/pbs.twimg.com\/profile_background_images\/539378354432913409\/FN2RZGek.jpeg","name":"A. S. Dulcie-Lowe","lang":"en","profile_background_tile":true,"favourites_count":75,"screen_name":"alfinitum","notifications":false,"url":"http:\/\/t.co\/PiyXYVdXCO","created_at":"Fri Jul 19 07:16:55 +0000 2013","contributors_enabled":false,"time_zone":"Sydney","protected":false,"default_profile":false,"is_translator":false},"geo":null,"in_reply_to_user_id_str":"508110571","lang":"en","created_at":"Mon Dec 15 03:21:18 +0000 2014","in_reply_to_status_id_str":"544329935943237632","place":null}