{"contributors": null, "truncated": false, "text": "@Uber_Sydney reports around the world flooding in of your 400% fare increase in response to a siege situation, smart.", "in_reply_to_status_id": 544329935943237632, "id": 544331663241908225, "favorite_count": 0, "source": "<a href=\"http://twitter.com/download/iphone\" rel=\"nofollow\">Twitter for iPhone</a>", "retweeted": false, "coordinates": null, "entities": {"symbols": [], "user_mentions": [{"id": 508110571, "indices": [0, 12], "id_str": "508110571", "screen_name": "Uber_Sydney", "name": "Uber Sydney"}], "hashtags": [], "urls": []}, "in_reply_to_screen_name": "Uber_Sydney", "id_str": "544331663241908225", "retweet_count": 1, "in_reply_to_user_id": 508110571, "favorited": false, "user": {"follow_request_sent": false, "profile_use_background_image": true, "profile_text_color": "333333", "default_profile_image": false, "id": 2914084096, "profile_background_image_url_https": "https://abs.twimg.com/images/themes/theme1/bg.png", "verified": false, "profile_location": null, "profile_image_url_https": "https://pbs.twimg.com/profile_images/542729973866323969/GU4Zm7DN_normal.png", "profile_sidebar_fill_color": "DDEEF6", "entities": {"url": {"urls": [{"url": "http://t.co/Y6EYD41blk", "indices": [0, 22], "expanded_url": "http://www.grqc.co.uk", "display_url": "grqc.co.uk"}]}, "description": {"urls": []}}, "followers_count": 26376, "profile_sidebar_border_color": "C0DEED", "id_str": "2914084096", "profile_background_color": "C0DEED", "listed_count": 0, "is_translation_enabled": false, "utc_offset": 0, "statuses_count": 26, "description": "We are the Human Capital Specialists working within the vertical markets of Banking,Finance,IT and Telecoms. Tweets by @elliebonn, @yasmincat and @lippyt", "friends_count": 146, "location": "London,UK", "profile_link_color": "0084B4", "profile_image_url": "http://pbs.twimg.com/profile_images/542729973866323969/GU4Zm7DN_normal.png", "following": false, "geo_enabled": false, "profile_background_image_url": "http://abs.twimg.com/images/themes/theme1/bg.png", "name": "GRQC", "lang": "en", "profile_background_tile": false, "favourites_count": 1, "screen_name": "GRQconsultants", "notifications": false, "url": "http://t.co/Y6EYD41blk", "created_at": "Wed Dec 10 17:17:13 +0000 2014", "contributors_enabled": false, "time_zone": "London", "protected": false, "default_profile": true, "is_translator": false}, "geo": null, "in_reply_to_user_id_str": "508110571", "lang": "en", "created_at": "Mon Dec 15 03:22:36 +0000 2014", "in_reply_to_status_id_str": "544329935943237632", "place": null}
