{"contributors":null,"truncated":false,"text":"@NicoleWill100 @Uber_Sydney It is an illegal bloody service. Why don't you thank regular taxi drivers?\nEncouraging theft are we?","in_reply_to_status_id":544330529529548801,"id":544341977248956417,"favorite_count":0,"source":"<a href=\"http:\/\/twitter.com\/download\/iphone\" rel=\"nofollow\">Twitter for iPhone<\/a>","retweeted":false,"coordinates":null,"entities":{"symbols":[],"user_mentions":[{"id":1243025179,"indices":[0,14],"id_str":"1243025179","screen_name":"NicoleWill100","name":"Nicole Williamson"},{"id":508110571,"indices":[15,27],"id_str":"508110571","screen_name":"Uber_Sydney","name":"Uber Sydney"}],"hashtags":[],"urls":[]},"in_reply_to_screen_name":"NicoleWill100","id_str":"544341977248956417","retweet_count":0,"in_reply_to_user_id":1243025179,"favorited":false,"user":{"follow_request_sent":false,"profile_use_background_image":true,"profile_text_color":"333333","default_profile_image":false,"id":326142499,"profile_background_image_url_https":"https:\/\/abs.twimg.com\/images\/themes\/theme1\/bg.png","verified":false,"profile_location":null,"profile_image_url_https":"https:\/\/pbs.twimg.com\/profile_images\/566893900015480832\/jHtMhsOA_normal.jpeg","profile_sidebar_fill_color":"DDEEF6","entities":{"url":{"urls":[{"url":"http:\/\/t.co\/TcHCyQRv","indices":[0,20],"expanded_url":"http:\/\/instagram.com\/mageroski","display_url":"instagram.com\/mageroski"}]},"description":{"urls":[]}},"followers_count":1594,"profile_sidebar_border_color":"C0DEED","id_str":"326142499","profile_background_color":"C0DEED","listed_count":26,"is_translation_enabled":false,"utc_offset":39600,"statuses_count":39394,"description":"Social and technical gadfly, husband, father, electrical engineer, computer geek, conservative, orthodox, politically incorrect ....","friends_count":1445,"location":"Sydney, AU","profile_link_color":"0084B4","profile_image_url":"http:\/\/pbs.twimg.com\/profile_images\/566893900015480832\/jHtMhsOA_normal.jpeg","following":false,"geo_enabled":false,"profile_banner_url":"https:\/\/pbs.twimg.com\/profile_banners\/326142499\/1365549652","profile_background_image_url":"http:\/\/abs.twimg.com\/images\/themes\/theme1\/bg.png","name":"Bobstar","lang":"en","profile_background_tile":false,"favourites_count":7309,"screen_name":"BobbyMageroski","notifications":false,"url":"http:\/\/t.co\/TcHCyQRv","created_at":"Wed Jun 29 13:00:53 +0000 2011","contributors_enabled":false,"time_zone":"Sydney","protected":false,"default_profile":true,"is_translator":false},"geo":null,"in_reply_to_user_id_str":"1243025179","lang":"en","created_at":"Mon Dec 15 04:03:35 +0000 2014","in_reply_to_status_id_str":"544330529529548801","place":null}