{"contributors": null, "truncated": false, "text": "@Uber_Sydney you really gotta stop the swarm model or at least have someone actually look at WHY an area is swarming.", "in_reply_to_status_id": 544329935943237632, "id": 544330709918183425, "favorite_count": 2, "source": "<a href=\"http://twitter.com/#!/download/ipad\" rel=\"nofollow\">Twitter for iPad</a>", "retweeted": false, "coordinates": null, "entities": {"symbols": [], "user_mentions": [{"id": 508110571, "indices": [0, 12], "id_str": "508110571", "screen_name": "Uber_Sydney", "name": "Uber Sydney"}], "hashtags": [], "urls": []}, "in_reply_to_screen_name": "Uber_Sydney", "id_str": "544330709918183425", "retweet_count": 1, "in_reply_to_user_id": 508110571, "favorited": false, "user": {"follow_request_sent": false, "profile_use_background_image": true, "profile_text_color": "FF2E5F", "default_profile_image": false, "id": 20228905, "profile_background_image_url_https": "https://pbs.twimg.com/profile_background_images/644114021/x53c4f2830d17d63566b79afe0d895c5.png", "verified": false, "profile_location": null, "profile_image_url_https": "https://pbs.twimg.com/profile_images/3064553337/ec1e17147f7e0198a4af607f377b5109_normal.jpeg", "profile_sidebar_fill_color": "FFD452", "entities": {"description": {"urls": []}}, "followers_count": 408, "profile_sidebar_border_color": "FAEECA", "id_str": "20228905", "profile_background_color": "140D1A", "listed_count": 38, "is_translation_enabled": false, "utc_offset": 39600, "statuses_count": 53753, "description": "25 year old from Melbourne who loves travel, TV, tennis and her family. Socially stunted, literary nerd, wannabe editor, lover of words (and Novak Djokovic)", "friends_count": 1159, "location": "Melbourne, Australia", "profile_link_color": "ABB8C2", "profile_image_url": "http://pbs.twimg.com/profile_images/3064553337/ec1e17147f7e0198a4af607f377b5109_normal.jpeg", "following": false, "geo_enabled": false, "profile_banner_url": "https://pbs.twimg.com/profile_banners/20228905/1398345344", "profile_background_image_url": "http://pbs.twimg.com/profile_background_images/644114021/x53c4f2830d17d63566b79afe0d895c5.png", "name": "Char", "lang": "en", "profile_background_tile": true, "favourites_count": 4821, "screen_name": "universe93", "notifications": false, "url": null, "created_at": "Fri Feb 06 10:48:02 +0000 2009", "contributors_enabled": false, "time_zone": "Melbourne", "protected": false, "default_profile": false, "is_translator": false}, "geo": null, "in_reply_to_user_id_str": "508110571", "lang": "en", "created_at": "Mon Dec 15 03:18:49 +0000 2014", "in_reply_to_status_id_str": "544329935943237632", "place": null}
