{"contributors": null, "truncated": false, "text": "@JonnyPut @Mr_Odin Uber is covering the cost of all rides, Uber is still paying drivers higher fares to encourage them to pickup riders.", "in_reply_to_status_id": 544333288249118720, "id": 544348986484613120, "favorite_count": 0, "source": "<a href=\"http://twitter.com\" rel=\"nofollow\">Twitter Web Client</a>", "retweeted": false, "coordinates": null, "entities": {"symbols": [], "user_mentions": [{"id": 57573899, "indices": [0, 9], "id_str": "57573899", "screen_name": "JonnyPut", "name": "Jon Putnam"}, {"id": 17960275, "indices": [10, 18], "id_str": "17960275", "screen_name": "Mr_Odin", "name": "The Old Man"}], "hashtags": [], "urls": []}, "in_reply_to_screen_name": "JonnyPut", "id_str": "544348986484613120", "retweet_count": 0, "in_reply_to_user_id": 57573899, "favorited": false, "user": {"follow_request_sent": false, "profile_use_background_image": true, "profile_text_color": "333333", "default_profile_image": false, "id": 508110571, "profile_background_image_url_https": "https://pbs.twimg.com/profile_background_images/670201098/e225eee0d9fae7f68c259719f4996a13.jpeg", "verified": true, "profile_location": null, "profile_image_url_https": "https://pbs.twimg.com/profile_images/439543281869803520/8nscifmJ_normal.png", "profile_sidebar_fill_color": "DDEEF6", "entities": {"url": {"urls": [{"url": "http://t.co/5EVh9NTMaE", "indices": [0, 22], "expanded_url": "http://www.uber.com/go/ubersydtwitter", "display_url": "uber.com/go/ubersydtwit\u2026"}]}, "description": {"urls": []}}, "followers_count": 5125, "profile_sidebar_border_color": "FFFFFF", "id_str": "508110571", "profile_background_color": "C0DEED", "listed_count": 59, "is_translation_enabled": false, "utc_offset": null, "statuses_count": 3142, "description": "Your own on-demand private driver. Get the app, then order a stylish ride to take you where you want.", "friends_count": 675, "location": "Sydney", "profile_link_color": "0084B4", "profile_image_url": "http://pbs.twimg.com/profile_images/439543281869803520/8nscifmJ_normal.png", "following": false, "geo_enabled": false, "profile_banner_url": "https://pbs.twimg.com/profile_banners/508110571/1398287647", "profile_background_image_url": "http://pbs.twimg.com/profile_background_images/670201098/e225eee0d9fae7f68c259719f4996a13.jpeg", "name": "Uber Sydney", "lang": "en", "profile_background_tile": false, "favourites_count": 1533, "screen_name": "Uber_Sydney", "notifications": false, "url": "http://t.co/5EVh9NTMaE", "created_at": "Wed Feb 29 00:01:36 +0000 2012", "contributors_enabled": false, "time_zone": null, "protected": false, "default_profile": false, "is_translator": false}, "geo": null, "in_reply_to_user_id_str": "57573899", "lang": "en", "created_at": "Mon Dec 15 04:31:26 +0000 2014", "in_reply_to_status_id_str": "544333288249118720", "place": null}
