{"contributors":null,"truncated":false,"text":"@Umair_Bilal @Uber_Sydney I'm baffled by how few of its customers actually know how Uber works.","in_reply_to_status_id":544330593228840961,"id":544340392712208384,"favorite_count":1,"source":"<a href=\"http:\/\/twitter.com\/download\/iphone\" rel=\"nofollow\">Twitter for iPhone<\/a>","retweeted":false,"coordinates":null,"entities":{"symbols":[],"user_mentions":[{"id":94975564,"indices":[0,12],"id_str":"94975564","screen_name":"Umair_Bilal","name":"Umair Bilal"},{"id":508110571,"indices":[13,25],"id_str":"508110571","screen_name":"Uber_Sydney","name":"Uber Sydney"}],"hashtags":[],"urls":[]},"in_reply_to_screen_name":"Umair_Bilal","id_str":"544340392712208384","retweet_count":1,"in_reply_to_user_id":94975564,"favorited":false,"user":{"follow_request_sent":false,"profile_use_background_image":false,"profile_text_color":"333333","default_profile_image":false,"id":61697642,"profile_background_image_url_https":"https:\/\/pbs.twimg.com\/profile_background_images\/663013153\/4kaim86rfdi3zjulpfz2.jpeg","verified":false,"profile_location":null,"profile_image_url_https":"https:\/\/pbs.twimg.com\/profile_images\/566885530739019777\/O7lBignu_normal.png","profile_sidebar_fill_color":"DDEEF6","entities":{"url":{"urls":[{"url":"http:\/\/t.co\/ARmoI9Dfa7","indices":[0,22],"expanded_url":"http:\/\/ivovic.com","display_url":"ivovic.com"}]},"description":{"urls":[]}},"followers_count":4072,"profile_sidebar_border_color":"FFFFFF","id_str":"61697642","profile_background_color":"FFFFFF","listed_count":29,"is_translation_enabled":false,"utc_offset":39600,"statuses_count":32974,"description":"Indignant harshly-spoken teddybear. There's no hate worse than indifference. Topics: Politics, society, technology, science and media. (ENTP)","friends_count":404,"location":"Melbourne, Australia","profile_link_color":"0D6ADB","profile_image_url":"http:\/\/pbs.twimg.com\/profile_images\/566885530739019777\/O7lBignu_normal.png","following":false,"geo_enabled":true,"profile_banner_url":"https:\/\/pbs.twimg.com\/profile_banners\/61697642\/1416740149","profile_background_image_url":"http:\/\/pbs.twimg.com\/profile_background_images\/663013153\/4kaim86rfdi3zjulpfz2.jpeg","name":"Milorad Ivovi\u0107","lang":"en","profile_background_tile":false,"favourites_count":5038,"screen_name":"ivovic","notifications":false,"url":"http:\/\/t.co\/ARmoI9Dfa7","created_at":"Fri Jul 31 05:09:26 +0000 2009","contributors_enabled":false,"time_zone":"Melbourne","protected":false,"default_profile":false,"is_translator":false},"geo":null,"in_reply_to_user_id_str":"94975564","lang":"en","created_at":"Mon Dec 15 03:57:17 +0000 2014","in_reply_to_status_id_str":"544330593228840961","place":null}