{"contributors": null, "truncated": false, "text": "@ehammonds @Uber_Sydney still looks like a PR issue to me, look at the backlash. Never assume the customer has same knowledge you do .", "in_reply_to_status_id": 544345414670249985, "id": 544347461976727552, "favorite_count": 0, "source": "<a href=\"http://twitter.com/download/android\" rel=\"nofollow\">Twitter for Android</a>", "retweeted": false, "coordinates": null, "entities": {"symbols": [], "user_mentions": [{"id": 16289608, "indices": [0, 10], "id_str": "16289608", "screen_name": "ehammonds", "name": "Eric Hammonds"}, {"id": 508110571, "indices": [11, 23], "id_str": "508110571", "screen_name": "Uber_Sydney", "name": "Uber Sydney"}], "hashtags": [], "urls": []}, "in_reply_to_screen_name": "ehammonds", "id_str": "544347461976727552", "retweet_count": 0, "in_reply_to_user_id": 16289608, "favorited": false, "user": {"follow_request_sent": false, "profile_use_background_image": true, "profile_text_color": "000000", "default_profile_image": false, "id": 17960275, "profile_background_image_url_https": "https://pbs.twimg.com/profile_background_images/884766715/fa312d23988d0de47997306d7f9ea81c.jpeg", "verified": false, "profile_location": null, "profile_image_url_https": "https://pbs.twimg.com/profile_images/378800000405940627/947a2532bd394f3f8ed444758664965c_normal.jpeg", "profile_sidebar_fill_color": "FFFFFF", "entities": {"url": {"urls": [{"url": "http://t.co/pWmks21Sq3", "indices": [0, 22], "expanded_url": "http://mr-odin.tumblr.com/", "display_url": "mr-odin.tumblr.com"}]}, "description": {"urls": []}}, "followers_count": 166, "profile_sidebar_border_color": "000000", "id_str": "17960275", "profile_background_color": "FFFFFF", "listed_count": 5, "is_translation_enabled": false, "utc_offset": 39600, "statuses_count": 20230, "description": "I'm a g33k philosopher, mad hip hop head, former game designer, former writer, current graphic/publication designer, camera monkey and hero of Mexico.", "friends_count": 208, "location": "My Secret Mountain Fortress", "profile_link_color": "0586FF", "profile_image_url": "http://pbs.twimg.com/profile_images/378800000405940627/947a2532bd394f3f8ed444758664965c_normal.jpeg", "following": false, "geo_enabled": false, "profile_banner_url": "https://pbs.twimg.com/profile_banners/17960275/1403964195", "profile_background_image_url": "http://pbs.twimg.com/profile_background_images/884766715/fa312d23988d0de47997306d7f9ea81c.jpeg", "name": "The Old Man", "lang": "en", "profile_background_tile": true, "favourites_count": 443, "screen_name": "Mr_Odin", "notifications": false, "url": "http://t.co/pWmks21Sq3", "created_at": "Mon Dec 08 10:30:23 +0000 2008", "contributors_enabled": false, "time_zone": "Melbourne", "protected": false, "default_profile": false, "is_translator": false}, "geo": null, "in_reply_to_user_id_str": "16289608", "lang": "en", "created_at": "Mon Dec 15 04:25:23 +0000 2014", "in_reply_to_status_id_str": "544345414670249985", "place": null}
