{"contributors": null, "truncated": false, "text": "@EnglishEmma You called uber public transport, it's not. PT is for everyone not just the elite.", "in_reply_to_status_id": 544339466265972736, "id": 544339757195489281, "favorite_count": 0, "source": "<a href=\"http://twitter.com\" rel=\"nofollow\">Twitter Web Client</a>", "retweeted": false, "coordinates": null, "entities": {"symbols": [], "user_mentions": [{"id": 233048867, "indices": [0, 12], "id_str": "233048867", "screen_name": "EnglishEmma", "name": "Emma E"}], "hashtags": [], "urls": []}, "in_reply_to_screen_name": "EnglishEmma", "id_str": "544339757195489281", "retweet_count": 0, "in_reply_to_user_id": 233048867, "favorited": false, "user": {"follow_request_sent": false, "profile_use_background_image": true, "profile_text_color": "333333", "default_profile_image": false, "id": 256447590, "profile_background_image_url_https": "https://abs.twimg.com/images/themes/theme14/bg.gif", "verified": false, "profile_location": null, "profile_image_url_https": "https://pbs.twimg.com/profile_images/524577899974647808/oZBZf7Tf_normal.jpeg", "profile_sidebar_fill_color": "EFEFEF", "entities": {"description": {"urls": []}}, "followers_count": 52, "profile_sidebar_border_color": "EEEEEE", "id_str": "256447590", "profile_background_color": "131516", "listed_count": 0, "is_translation_enabled": false, "utc_offset": 39600, "statuses_count": 586, "description": "Hey Google, Don't be Evil is yr motto. It must be a hard road to travel. Google Ventures eats countries alive.", "friends_count": 84, "location": "Here", "profile_link_color": "009999", "profile_image_url": "http://pbs.twimg.com/profile_images/524577899974647808/oZBZf7Tf_normal.jpeg", "following": false, "geo_enabled": false, "profile_banner_url": "https://pbs.twimg.com/profile_banners/256447590/1413903744", "profile_background_image_url": "http://abs.twimg.com/images/themes/theme14/bg.gif", "name": "Numbers", "lang": "en", "profile_background_tile": true, "favourites_count": 477, "screen_name": "life19082492084", "notifications": false, "url": null, "created_at": "Wed Feb 23 10:26:58 +0000 2011", "contributors_enabled": false, "time_zone": "Sydney", "protected": false, "default_profile": false, "is_translator": false}, "geo": null, "in_reply_to_user_id_str": "233048867", "lang": "en", "created_at": "Mon Dec 15 03:54:46 +0000 2014", "in_reply_to_status_id_str": "544339466265972736", "place": null}
