{"contributors": null, "truncated": false, "text": "@nicholasderoose @Uber_Sydney you're aware that this tweet ...is giving away free rides, right?", "in_reply_to_status_id": 544330406397374465, "id": 544334052526784512, "favorite_count": 4, "source": "<a href=\"http://twitter.com\" rel=\"nofollow\">Twitter Web Client</a>", "retweeted": false, "coordinates": null, "entities": {"symbols": [], "user_mentions": [{"id": 18640341, "indices": [0, 16], "id_str": "18640341", "screen_name": "nicholasderoose", "name": "nicholasderoose"}, {"id": 508110571, "indices": [17, 29], "id_str": "508110571", "screen_name": "Uber_Sydney", "name": "Uber Sydney"}], "hashtags": [], "urls": []}, "in_reply_to_screen_name": "nicholasderoose", "id_str": "544334052526784512", "retweet_count": 0, "in_reply_to_user_id": 18640341, "favorited": false, "user": {"follow_request_sent": false, "profile_use_background_image": true, "profile_text_color": "333333", "default_profile_image": false, "id": 177357958, "profile_background_image_url_https": "https://abs.twimg.com/images/themes/theme15/bg.png", "verified": false, "profile_location": null, "profile_image_url_https": "https://pbs.twimg.com/profile_images/510594247502733314/HWDBXpP9_normal.jpeg", "profile_sidebar_fill_color": "C0DFEC", "entities": {"url": {"urls": [{"url": "http://t.co/4AvDilYySR", "indices": [0, 22], "expanded_url": "http://ccpopculture.com", "display_url": "ccpopculture.com"}]}, "description": {"urls": [{"url": "http://t.co/arEUbAwRId", "indices": [92, 114], "expanded_url": "http://ccpopculture.com", "display_url": "ccpopculture.com"}]}}, "followers_count": 837, "profile_sidebar_border_color": "A8C7F7", "id_str": "177357958", "profile_background_color": "022330", "listed_count": 13, "is_translation_enabled": false, "utc_offset": 36000, "statuses_count": 17278, "description": "Writes, teaches, watches movies. Writing can be found at @TheEssentialAU, @fivehundredclub, http://t.co/arEUbAwRId, elsewhere. Email's davecrewe at msn dot com", "friends_count": 547, "location": "Brisbane, Australia", "profile_link_color": "B3000F", "profile_image_url": "http://pbs.twimg.com/profile_images/510594247502733314/HWDBXpP9_normal.jpeg", "following": false, "geo_enabled": false, "profile_banner_url": "https://pbs.twimg.com/profile_banners/177357958/1405581783", "profile_background_image_url": "http://abs.twimg.com/images/themes/theme15/bg.png", "name": "Dave Crewe", "lang": "en", "profile_background_tile": false, "favourites_count": 2643, "screen_name": "ccpopculture", "notifications": false, "url": "http://t.co/4AvDilYySR", "created_at": "Wed Aug 11 23:00:17 +0000 2010", "contributors_enabled": false, "time_zone": "Brisbane", "protected": false, "default_profile": false, "is_translator": false}, "geo": null, "in_reply_to_user_id_str": "18640341", "lang": "en", "created_at": "Mon Dec 15 03:32:06 +0000 2014", "in_reply_to_status_id_str": "544330406397374465", "place": null}
