{"contributors":null,"truncated":false,"text":"@life19082492084 Same people pro do sweet all but moan on social media about how terrible everyone else is.. And yes irony burning my end.","in_reply_to_status_id":544342076112904193,"id":544342570151579650,"favorite_count":0,"source":"<a href=\"http:\/\/twitter.com\/download\/iphone\" rel=\"nofollow\">Twitter for iPhone<\/a>","retweeted":false,"coordinates":null,"entities":{"symbols":[],"user_mentions":[{"id":256447590,"indices":[0,16],"id_str":"256447590","screen_name":"life19082492084","name":"Numbers"}],"hashtags":[],"urls":[]},"in_reply_to_screen_name":"EnglishEmma","id_str":"544342570151579650","retweet_count":0,"in_reply_to_user_id":233048867,"favorited":false,"user":{"follow_request_sent":false,"profile_use_background_image":false,"profile_text_color":"000000","default_profile_image":false,"id":233048867,"profile_background_image_url_https":"https:\/\/abs.twimg.com\/images\/themes\/theme7\/bg.gif","verified":false,"profile_location":null,"profile_image_url_https":"https:\/\/pbs.twimg.com\/profile_images\/587216211726860288\/idbdjRdP_normal.jpg","profile_sidebar_fill_color":"000000","entities":{"url":{"urls":[{"url":"http:\/\/t.co\/FLjwte86OB","indices":[0,22],"expanded_url":"http:\/\/www.emmaofmelbourne.com","display_url":"emmaofmelbourne.com"}]},"description":{"urls":[]}},"followers_count":10895,"profile_sidebar_border_color":"000000","id_str":"233048867","profile_background_color":"000000","listed_count":74,"is_translation_enabled":false,"utc_offset":39600,"statuses_count":26570,"description":"Melbourne escort, professional orifice provider, delicious curves with big natural titties. NSFW. Email\/SMS for work enquiries! Expect typos.","friends_count":732,"location":"Melbourne","profile_link_color":"571010","profile_image_url":"http:\/\/pbs.twimg.com\/profile_images\/587216211726860288\/idbdjRdP_normal.jpg","following":false,"geo_enabled":true,"profile_banner_url":"https:\/\/pbs.twimg.com\/profile_banners\/233048867\/1417653876","profile_background_image_url":"http:\/\/abs.twimg.com\/images\/themes\/theme7\/bg.gif","name":"Emma E","lang":"en","profile_background_tile":false,"favourites_count":18376,"screen_name":"EnglishEmma","notifications":false,"url":"http:\/\/t.co\/FLjwte86OB","created_at":"Sun Jan 02 03:58:12 +0000 2011","contributors_enabled":false,"time_zone":"Melbourne","protected":false,"default_profile":false,"is_translator":false},"geo":null,"in_reply_to_user_id_str":"233048867","lang":"en","created_at":"Mon Dec 15 04:05:56 +0000 2014","in_reply_to_status_id_str":"544342076112904193","place":null}