{"contributors":null,"truncated":false,"text":"@beck_sullivan @Uber_Sydney Glad I'm not the only one who's confused ...","in_reply_to_status_id":544330922288373760,"id":544334594531524608,"favorite_count":1,"source":"<a href=\"http:\/\/twitter.com\" rel=\"nofollow\">Twitter Web Client<\/a>","retweeted":false,"coordinates":null,"entities":{"symbols":[],"user_mentions":[{"id":347731735,"indices":[0,14],"id_str":"347731735","screen_name":"beck_sullivan","name":"Rebecca Sullivan"},{"id":508110571,"indices":[15,27],"id_str":"508110571","screen_name":"Uber_Sydney","name":"Uber Sydney"}],"hashtags":[],"urls":[]},"in_reply_to_screen_name":"beck_sullivan","id_str":"544334594531524608","retweet_count":0,"in_reply_to_user_id":347731735,"favorited":false,"user":{"follow_request_sent":false,"profile_use_background_image":false,"profile_text_color":"333333","default_profile_image":false,"id":1117994359,"profile_background_image_url_https":"https:\/\/pbs.twimg.com\/profile_background_images\/378800000040318388\/df6c5bf9722e03cbcff5fc05f672a527.png","verified":false,"profile_location":null,"profile_image_url_https":"https:\/\/pbs.twimg.com\/profile_images\/569571925681135616\/eld47s0c_normal.jpeg","profile_sidebar_fill_color":"DDEEF6","entities":{"url":{"urls":[{"url":"http:\/\/t.co\/6wfFvYKxuP","indices":[0,22],"expanded_url":"http:\/\/www.getwritr.com","display_url":"getwritr.com"}]},"description":{"urls":[]}},"followers_count":206,"profile_sidebar_border_color":"000000","id_str":"1117994359","profile_background_color":"2E2E2E","listed_count":7,"is_translation_enabled":false,"utc_offset":46800,"statuses_count":2606,"description":"Lead Designer at @getwritr","friends_count":578,"location":"Hamilton, New Zealand","profile_link_color":"5EC7FF","profile_image_url":"http:\/\/pbs.twimg.com\/profile_images\/569571925681135616\/eld47s0c_normal.jpeg","following":false,"geo_enabled":false,"profile_banner_url":"https:\/\/pbs.twimg.com\/profile_banners\/1117994359\/1375264022","profile_background_image_url":"http:\/\/pbs.twimg.com\/profile_background_images\/378800000040318388\/df6c5bf9722e03cbcff5fc05f672a527.png","name":"Kelly Jepsen","lang":"en","profile_background_tile":true,"favourites_count":1095,"screen_name":"fri6ken","notifications":false,"url":"http:\/\/t.co\/6wfFvYKxuP","created_at":"Thu Jan 24 23:54:44 +0000 2013","contributors_enabled":false,"time_zone":"Fiji","protected":false,"default_profile":false,"is_translator":false},"geo":null,"in_reply_to_user_id_str":"347731735","lang":"en","created_at":"Mon Dec 15 03:34:15 +0000 2014","in_reply_to_status_id_str":"544330922288373760","place":null}