{"contributors":null,"truncated":false,"text":"@Uber_Sydney Thanks :)","in_reply_to_status_id":544347250206310400,"id":544350540717494272,"favorite_count":0,"source":"<a href=\"http:\/\/twitter.com\" rel=\"nofollow\">Twitter Web Client<\/a>","retweeted":false,"coordinates":null,"entities":{"symbols":[],"user_mentions":[{"id":508110571,"indices":[0,12],"id_str":"508110571","screen_name":"Uber_Sydney","name":"Uber Sydney"}],"hashtags":[],"urls":[]},"in_reply_to_screen_name":"Uber_Sydney","id_str":"544350540717494272","retweet_count":0,"in_reply_to_user_id":508110571,"favorited":false,"user":{"follow_request_sent":false,"profile_use_background_image":true,"profile_text_color":"333333","default_profile_image":false,"id":347731735,"profile_background_image_url_https":"https:\/\/abs.twimg.com\/images\/themes\/theme1\/bg.png","verified":false,"profile_location":null,"profile_image_url_https":"https:\/\/pbs.twimg.com\/profile_images\/564974554854858752\/8fbZr8-D_normal.jpeg","profile_sidebar_fill_color":"DDEEF6","entities":{"url":{"urls":[{"url":"http:\/\/t.co\/2imUDGKnpC","indices":[0,22],"expanded_url":"http:\/\/www.news.com.au","display_url":"news.com.au"}]},"description":{"urls":[{"url":"http:\/\/t.co\/EzxYy67wzZ","indices":[22,44],"expanded_url":"http:\/\/news.com.au","display_url":"news.com.au"}]}},"followers_count":474,"profile_sidebar_border_color":"C0DEED","id_str":"347731735","profile_background_color":"C0DEED","listed_count":10,"is_translation_enabled":false,"utc_offset":39600,"statuses_count":340,"description":"Lifestyle Reporter at http:\/\/t.co\/EzxYy67wzZ. \r\nI am constantly hangry.\r\nrebecca.sullivan@news.com.au","friends_count":469,"location":"Sydney","profile_link_color":"0084B4","profile_image_url":"http:\/\/pbs.twimg.com\/profile_images\/564974554854858752\/8fbZr8-D_normal.jpeg","following":false,"geo_enabled":true,"profile_background_image_url":"http:\/\/abs.twimg.com\/images\/themes\/theme1\/bg.png","name":"Rebecca Sullivan","lang":"en","profile_background_tile":false,"favourites_count":10,"screen_name":"beck_sullivan","notifications":false,"url":"http:\/\/t.co\/2imUDGKnpC","created_at":"Wed Aug 03 08:02:43 +0000 2011","contributors_enabled":false,"time_zone":"Sydney","protected":false,"default_profile":true,"is_translator":false},"geo":null,"in_reply_to_user_id_str":"508110571","lang":"en","created_at":"Mon Dec 15 04:37:37 +0000 2014","in_reply_to_status_id_str":"544347250206310400","place":null}