{"contributors": null, "truncated": false, "text": "@bmac_ottawa @Uber_Sydney didn't make it very clear in the beginning.", "in_reply_to_status_id": 544336079877595136, "id": 544337315124875264, "favorite_count": 0, "source": "<a href=\"http://twitter.com\" rel=\"nofollow\">Twitter Web Client</a>", "retweeted": false, "coordinates": null, "entities": {"symbols": [], "user_mentions": [{"id": 356232538, "indices": [0, 12], "id_str": "356232538", "screen_name": "bmac_ottawa", "name": "bmac_ottawa"}, {"id": 508110571, "indices": [13, 25], "id_str": "508110571", "screen_name": "Uber_Sydney", "name": "Uber Sydney"}], "hashtags": [], "urls": []}, "in_reply_to_screen_name": "bmac_ottawa", "id_str": "544337315124875264", "retweet_count": 0, "in_reply_to_user_id": 356232538, "favorited": false, "user": {"follow_request_sent": false, "profile_use_background_image": true, "profile_text_color": "333333", "default_profile_image": false, "id": 44091973, "profile_background_image_url_https": "https://pbs.twimg.com/profile_background_images/677800450/4b7bca282b76dccc86bc3a77e604571c.jpeg", "verified": false, "profile_location": null, "profile_image_url_https": "https://pbs.twimg.com/profile_images/458936305674506240/9sfyNX-d_normal.jpeg", "profile_sidebar_fill_color": "DDEEF6", "entities": {"description": {"urls": []}}, "followers_count": 955, "profile_sidebar_border_color": "FFFFFF", "id_str": "44091973", "profile_background_color": "C0DEED", "listed_count": 5, "is_translation_enabled": false, "utc_offset": 39600, "statuses_count": 7446, "description": "Host @LaundrySydney | Marketing @ministryaus | Champagne Lover | Cuddle Monster | Beat Fanatic", "friends_count": 844, "location": "Sydney", "profile_link_color": "0084B4", "profile_image_url": "http://pbs.twimg.com/profile_images/458936305674506240/9sfyNX-d_normal.jpeg", "following": false, "geo_enabled": true, "profile_banner_url": "https://pbs.twimg.com/profile_banners/44091973/1411547919", "profile_background_image_url": "http://pbs.twimg.com/profile_background_images/677800450/4b7bca282b76dccc86bc3a77e604571c.jpeg", "name": "Elinor Williams", "lang": "en", "profile_background_tile": true, "favourites_count": 2124, "screen_name": "el1nor", "notifications": false, "url": null, "created_at": "Tue Jun 02 09:44:45 +0000 2009", "contributors_enabled": false, "time_zone": "Sydney", "protected": false, "default_profile": false, "is_translator": false}, "geo": null, "in_reply_to_user_id_str": "356232538", "lang": "en", "created_at": "Mon Dec 15 03:45:03 +0000 2014", "in_reply_to_status_id_str": "544336079877595136", "place": null}
