{"contributors": null, "truncated": false, "text": "@el1nor @Uber_Sydney Uber is.", "in_reply_to_status_id": 544331106581897216, "id": 544336079877595136, "favorite_count": 0, "source": "<a href=\"http://twitter.com/download/iphone\" rel=\"nofollow\">Twitter for iPhone</a>", "retweeted": false, "coordinates": null, "entities": {"symbols": [], "user_mentions": [{"id": 44091973, "indices": [0, 7], "id_str": "44091973", "screen_name": "el1nor", "name": "Elinor Williams"}, {"id": 508110571, "indices": [8, 20], "id_str": "508110571", "screen_name": "Uber_Sydney", "name": "Uber Sydney"}], "hashtags": [], "urls": []}, "in_reply_to_screen_name": "el1nor", "id_str": "544336079877595136", "retweet_count": 0, "in_reply_to_user_id": 44091973, "favorited": false, "user": {"follow_request_sent": false, "profile_use_background_image": true, "profile_text_color": "333333", "default_profile_image": false, "id": 356232538, "profile_background_image_url_https": "https://abs.twimg.com/images/themes/theme1/bg.png", "verified": false, "profile_location": null, "profile_image_url_https": "https://pbs.twimg.com/profile_images/523127212195979266/6QLzLusm_normal.jpeg", "profile_sidebar_fill_color": "DDEEF6", "entities": {"description": {"urls": []}}, "followers_count": 108, "profile_sidebar_border_color": "C0DEED", "id_str": "356232538", "profile_background_color": "C0DEED", "listed_count": 0, "is_translation_enabled": false, "utc_offset": -36000, "statuses_count": 1786, "description": "I come from downtown - I come from Mitch and Murray.", "friends_count": 158, "location": "Ottawa", "profile_link_color": "0084B4", "profile_image_url": "http://pbs.twimg.com/profile_images/523127212195979266/6QLzLusm_normal.jpeg", "following": false, "geo_enabled": true, "profile_background_image_url": "http://abs.twimg.com/images/themes/theme1/bg.png", "name": "bmac_ottawa", "lang": "en", "profile_background_tile": false, "favourites_count": 275, "screen_name": "bmac_ottawa", "notifications": false, "url": null, "created_at": "Tue Aug 16 14:59:33 +0000 2011", "contributors_enabled": false, "time_zone": "Hawaii", "protected": false, "default_profile": true, "is_translator": false}, "geo": null, "in_reply_to_user_id_str": "44091973", "lang": "en", "created_at": "Mon Dec 15 03:40:09 +0000 2014", "in_reply_to_status_id_str": "544331106581897216", "place": null}
