{"contributors":null,"truncated":false,"text":".@iGottaTravel @Uber_Sydney @mtats Seems. A global marketing disaster Uber is trying to fix.","in_reply_to_status_id":544330821365014529,"id":544333969970302977,"favorite_count":0,"source":"<a href=\"http:\/\/twitter.com\/#!\/download\/ipad\" rel=\"nofollow\">Twitter for iPad<\/a>","retweeted":false,"coordinates":null,"entities":{"symbols":[],"user_mentions":[{"id":7321402,"indices":[1,14],"id_str":"7321402","screen_name":"iGottaTravel","name":"iGottaTravel \u2708"},{"id":508110571,"indices":[15,27],"id_str":"508110571","screen_name":"Uber_Sydney","name":"Uber Sydney"},{"id":16778161,"indices":[28,34],"id_str":"16778161","screen_name":"mtats","name":"its christmtats time"}],"hashtags":[],"urls":[]},"in_reply_to_screen_name":"iGottaTravel","id_str":"544333969970302977","retweet_count":1,"in_reply_to_user_id":7321402,"favorited":false,"user":{"follow_request_sent":false,"profile_use_background_image":true,"profile_text_color":"333333","default_profile_image":false,"id":47239788,"profile_background_image_url_https":"https:\/\/pbs.twimg.com\/profile_background_images\/382082256\/Captain_Meow.jpg","verified":false,"profile_location":null,"profile_image_url_https":"https:\/\/pbs.twimg.com\/profile_images\/582023377956708352\/ckBp8esc_normal.jpg","profile_sidebar_fill_color":"DDEEF6","entities":{"url":{"urls":[{"url":"http:\/\/t.co\/2RYFEbsz5j","indices":[0,22],"expanded_url":"http:\/\/kiamalocalhistory.wordpress.com\/","display_url":"kiamalocalhistory.wordpress.com"}]},"description":{"urls":[]}},"followers_count":2560,"profile_sidebar_border_color":"C0DEED","id_str":"47239788","profile_background_color":"CDEBC3","listed_count":65,"is_translation_enabled":false,"utc_offset":null,"statuses_count":225003,"description":"No sight or sound to mark passage but the feel of the passing wave. Micro-fissures.","friends_count":2811,"location":"Kiama","profile_link_color":"0084B4","profile_image_url":"http:\/\/pbs.twimg.com\/profile_images\/582023377956708352\/ckBp8esc_normal.jpg","following":false,"geo_enabled":true,"profile_banner_url":"https:\/\/pbs.twimg.com\/profile_banners\/47239788\/1349376843","profile_background_image_url":"http:\/\/pbs.twimg.com\/profile_background_images\/382082256\/Captain_Meow.jpg","name":"Mark Whalan","lang":"en","profile_background_tile":false,"favourites_count":16152,"screen_name":"MWhalan","notifications":false,"url":"http:\/\/t.co\/2RYFEbsz5j","created_at":"Mon Jun 15 02:42:13 +0000 2009","contributors_enabled":false,"time_zone":null,"protected":false,"default_profile":false,"is_translator":false},"geo":null,"in_reply_to_user_id_str":"7321402","lang":"en","created_at":"Mon Dec 15 03:31:46 +0000 2014","in_reply_to_status_id_str":"544330821365014529","place":null}