{"contributors": null, "truncated": false, "text": "@Uber_Sydney what does this mean?", "in_reply_to_status_id": 544329935943237632, "id": 544331336266579969, "favorite_count": 0, "source": "<a href=\"http://twitter.com\" rel=\"nofollow\">Twitter Web Client</a>", "retweeted": false, "coordinates": null, "entities": {"symbols": [], "user_mentions": [{"id": 508110571, "indices": [0, 12], "id_str": "508110571", "screen_name": "Uber_Sydney", "name": "Uber Sydney"}], "hashtags": [], "urls": []}, "in_reply_to_screen_name": "Uber_Sydney", "id_str": "544331336266579969", "retweet_count": 0, "in_reply_to_user_id": 508110571, "favorited": false, "user": {"follow_request_sent": false, "profile_use_background_image": true, "profile_text_color": "C72424", "default_profile_image": false, "id": 9507342, "profile_background_image_url_https": "https://pbs.twimg.com/profile_background_images/20014230/in_dreams.jpg", "verified": true, "profile_location": null, "profile_image_url_https": "https://pbs.twimg.com/profile_images/462063048945963009/zRNgzbWC_normal.jpeg", "profile_sidebar_fill_color": "8682F0", "entities": {"url": {"urls": [{"url": "http://t.co/GdANGZ6o1x", "indices": [0, 22], "expanded_url": "http://on.mash.to/1jOX6rb", "display_url": "on.mash.to/1jOX6rb"}]}, "description": {"urls": []}}, "followers_count": 12858, "profile_sidebar_border_color": "000000", "id_str": "9507342", "profile_background_color": "80282B", "listed_count": 670, "is_translation_enabled": false, "utc_offset": -18000, "statuses_count": 67457, "description": "writer / real-time news editor @mashable / RT \u2260 confirmed / email: moneyries@gmail.com / your move, chief", "friends_count": 7043, "location": "Brooklyn, NY", "profile_link_color": "5B0FFF", "profile_image_url": "http://pbs.twimg.com/profile_images/462063048945963009/zRNgzbWC_normal.jpeg", "following": false, "geo_enabled": true, "profile_banner_url": "https://pbs.twimg.com/profile_banners/9507342/1417538146", "profile_background_image_url": "http://pbs.twimg.com/profile_background_images/20014230/in_dreams.jpg", "name": "Brian Ries", "lang": "en", "profile_background_tile": true, "favourites_count": 10654, "screen_name": "moneyries", "notifications": false, "url": "http://t.co/GdANGZ6o1x", "created_at": "Wed Oct 17 20:52:29 +0000 2007", "contributors_enabled": false, "time_zone": "Eastern Time (US & Canada)", "protected": false, "default_profile": false, "is_translator": false}, "geo": null, "in_reply_to_user_id_str": "508110571", "lang": "en", "created_at": "Mon Dec 15 03:21:18 +0000 2014", "in_reply_to_status_id_str": "544329935943237632", "place": null}
