{"contributors": null, "truncated": false, "text": "@andrewv @bmac_ottawa @Uber_Sydney @J_francis613 @Nakish19_77 http://t.co/YhlBHw13S6", "in_reply_to_status_id": 544425098321874944, "id": 544425456351854592, "favorite_count": 0, "source": "<a href=\"http://twitter.com/download/iphone\" rel=\"nofollow\">Twitter for iPhone</a>", "retweeted": false, "coordinates": null, "entities": {"symbols": [], "user_mentions": [{"id": 21388299, "indices": [0, 8], "id_str": "21388299", "screen_name": "andrewv", "name": "Andrew Varvel"}, {"id": 356232538, "indices": [9, 21], "id_str": "356232538", "screen_name": "bmac_ottawa", "name": "bmac_ottawa"}, {"id": 508110571, "indices": [22, 34], "id_str": "508110571", "screen_name": "Uber_Sydney", "name": "Uber Sydney"}, {"id": 2831725672, "indices": [35, 48], "id_str": "2831725672", "screen_name": "J_francis613", "name": "Joe Francis"}, {"id": 2148838965, "indices": [49, 61], "id_str": "2148838965", "screen_name": "Nakish19_77", "name": "N"}], "hashtags": [], "urls": [{"url": "http://t.co/YhlBHw13S6", "indices": [62, 84], "expanded_url": "http://www.cnet.com/news/uber-reaches-4x-surge-pricing-as-sydney-faces-hostage-lockdown/", "display_url": "cnet.com/news/uber-reac\u2026"}]}, "in_reply_to_screen_name": "PeopleChamp78", "id_str": "544425456351854592", "retweet_count": 0, "in_reply_to_user_id": 495115403, "favorited": false, "user": {"follow_request_sent": false, "profile_use_background_image": true, "profile_text_color": "333333", "default_profile_image": false, "id": 495115403, "profile_background_image_url_https": "https://abs.twimg.com/images/themes/theme1/bg.png", "verified": false, "profile_location": null, "profile_image_url_https": "https://pbs.twimg.com/profile_images/544428965667287041/v99ALroF_normal.jpeg", "profile_sidebar_fill_color": "DDEEF6", "entities": {"description": {"urls": [{"url": "http://t.co/FWhkpCDyMl", "indices": [38, 60], "expanded_url": "http://www.thedailybeast.com/articles/2014/11/19/the-ten-worst-uber-horror-stories.html?via=desktop&source=twitter", "display_url": "thedailybeast.com/articles/2014/\u2026"}]}}, "followers_count": 1171, "profile_sidebar_border_color": "C0DEED", "id_str": "495115403", "profile_background_color": "C0DEED", "listed_count": 12, "is_translation_enabled": false, "utc_offset": null, "statuses_count": 55644, "description": "#WWE for life #Ottawastrong #UberFail http://t.co/FWhkpCDyMl", "friends_count": 1991, "location": "everywhere ", "profile_link_color": "0084B4", "profile_image_url": "http://pbs.twimg.com/profile_images/544428965667287041/v99ALroF_normal.jpeg", "following": false, "geo_enabled": true, "profile_banner_url": "https://pbs.twimg.com/profile_banners/495115403/1418575702", "profile_background_image_url": "http://abs.twimg.com/images/themes/theme1/bg.png", "name": "The Peoples Champ", "lang": "en", "profile_background_tile": false, "favourites_count": 8116, "screen_name": "PeopleChamp78", "notifications": false, "url": null, "created_at": "Fri Feb 17 16:26:08 +0000 2012", "contributors_enabled": false, "time_zone": null, "protected": false, "default_profile": true, "is_translator": false}, "geo": null, "in_reply_to_user_id_str": "495115403", "possibly_sensitive": false, "lang": "und", "created_at": "Mon Dec 15 09:35:18 +0000 2014", "in_reply_to_status_id_str": "544425098321874944", "place": null}
