{"contributors": null, "truncated": false, "text": "@andrewv @bmac_ottawa @Uber_Sydney cut the BS they wanted to surge price now back tracking @J_francis613 http://t.co/GzM8JqzBvQ", "in_reply_to_status_id": 544336896256512000, "id": 544425098321874944, "favorite_count": 1, "source": "<a href=\"http://twitter.com/download/iphone\" rel=\"nofollow\">Twitter for iPhone</a>", "retweeted": false, "coordinates": null, "entities": {"symbols": [], "user_mentions": [{"id": 21388299, "indices": [0, 8], "id_str": "21388299", "screen_name": "andrewv", "name": "Andrew Varvel"}, {"id": 356232538, "indices": [9, 21], "id_str": "356232538", "screen_name": "bmac_ottawa", "name": "bmac_ottawa"}, {"id": 508110571, "indices": [22, 34], "id_str": "508110571", "screen_name": "Uber_Sydney", "name": "Uber Sydney"}, {"id": 2831725672, "indices": [91, 104], "id_str": "2831725672", "screen_name": "J_francis613", "name": "Joe Francis"}], "hashtags": [], "urls": [], "media": [{"expanded_url": "http://twitter.com/PeopleChamp78/status/544425098321874944/photo/1", "display_url": "pic.twitter.com/GzM8JqzBvQ", "url": "http://t.co/GzM8JqzBvQ", "media_url_https": "https://pbs.twimg.com/media/B44vvIXIQAAWy6H.jpg", "id_str": "544425091703259136", "sizes": {"large": {"h": 1024, "resize": "fit", "w": 577}, "small": {"h": 603, "resize": "fit", "w": 340}, "medium": {"h": 1024, "resize": "fit", "w": 577}, "thumb": {"h": 150, "resize": "crop", "w": 150}}, "indices": [105, 127], "type": "photo", "id": 544425091703259136, "media_url": "http://pbs.twimg.com/media/B44vvIXIQAAWy6H.jpg"}]}, "in_reply_to_screen_name": "andrewv", "id_str": "544425098321874944", "retweet_count": 0, "in_reply_to_user_id": 21388299, "favorited": false, "user": {"follow_request_sent": false, "profile_use_background_image": true, "profile_text_color": "333333", "default_profile_image": false, "id": 495115403, "profile_background_image_url_https": "https://abs.twimg.com/images/themes/theme1/bg.png", "verified": false, "profile_location": null, "profile_image_url_https": "https://pbs.twimg.com/profile_images/544428965667287041/v99ALroF_normal.jpeg", "profile_sidebar_fill_color": "DDEEF6", "entities": {"description": {"urls": [{"url": "http://t.co/FWhkpCDyMl", "indices": [38, 60], "expanded_url": "http://www.thedailybeast.com/articles/2014/11/19/the-ten-worst-uber-horror-stories.html?via=desktop&source=twitter", "display_url": "thedailybeast.com/articles/2014/\u2026"}]}}, "followers_count": 1171, "profile_sidebar_border_color": "C0DEED", "id_str": "495115403", "profile_background_color": "C0DEED", "listed_count": 12, "is_translation_enabled": false, "utc_offset": null, "statuses_count": 55644, "description": "#WWE for life #Ottawastrong #UberFail http://t.co/FWhkpCDyMl", "friends_count": 1991, "location": "everywhere ", "profile_link_color": "0084B4", "profile_image_url": "http://pbs.twimg.com/profile_images/544428965667287041/v99ALroF_normal.jpeg", "following": false, "geo_enabled": true, "profile_banner_url": "https://pbs.twimg.com/profile_banners/495115403/1418575702", "profile_background_image_url": "http://abs.twimg.com/images/themes/theme1/bg.png", "name": "The Peoples Champ", "lang": "en", "profile_background_tile": false, "favourites_count": 8116, "screen_name": "PeopleChamp78", "notifications": false, "url": null, "created_at": "Fri Feb 17 16:26:08 +0000 2012", "contributors_enabled": false, "time_zone": null, "protected": false, "default_profile": true, "is_translator": false}, "geo": null, "in_reply_to_user_id_str": "21388299", "possibly_sensitive": false, "lang": "en", "created_at": "Mon Dec 15 09:33:53 +0000 2014", "in_reply_to_status_id_str": "544336896256512000", "place": null, "extended_entities": {"media": [{"expanded_url": "http://twitter.com/PeopleChamp78/status/544425098321874944/photo/1", "display_url": "pic.twitter.com/GzM8JqzBvQ", "url": "http://t.co/GzM8JqzBvQ", "media_url_https": "https://pbs.twimg.com/media/B44vvIXIQAAWy6H.jpg", "id_str": "544425091703259136", "sizes": {"large": {"h": 1024, "resize": "fit", "w": 577}, "small": {"h": 603, "resize": "fit", "w": 340}, "medium": {"h": 1024, "resize": "fit", "w": 577}, "thumb": {"h": 150, "resize": "crop", "w": 150}}, "indices": [105, 127], "type": "photo", "id": 544425091703259136, "media_url": "http://pbs.twimg.com/media/B44vvIXIQAAWy6H.jpg"}]}}
