{"contributors": null, "truncated": false, "text": "@Uber_Sydney @RunnaLittle Yeah...too late", "in_reply_to_status_id": 544375845402341377, "id": 544421367945236480, "favorite_count": 0, "source": "<a href=\"http://www.twitter.com\" rel=\"nofollow\">Twitter for Windows Phone</a>", "retweeted": false, "coordinates": null, "entities": {"symbols": [], "user_mentions": [{"id": 508110571, "indices": [0, 12], "id_str": "508110571", "screen_name": "Uber_Sydney", "name": "Uber Sydney"}, {"id": 47528792, "indices": [13, 25], "id_str": "47528792", "screen_name": "RunnaLittle", "name": "RunnaLittle"}], "hashtags": [], "urls": []}, "in_reply_to_screen_name": "Uber_Sydney", "id_str": "544421367945236480", "retweet_count": 0, "in_reply_to_user_id": 508110571, "favorited": false, "user": {"follow_request_sent": false, "profile_use_background_image": true, "profile_text_color": "333333", "default_profile_image": false, "id": 1138504291, "profile_background_image_url_https": "https://pbs.twimg.com/profile_background_images/499525128602935297/NTLauXbU.jpeg", "verified": false, "profile_location": null, "profile_image_url_https": "https://pbs.twimg.com/profile_images/378800000612175230/587e7605429beee391a5c99b8f6d9293_normal.jpeg", "profile_sidebar_fill_color": "DDEEF6", "entities": {"description": {"urls": []}}, "followers_count": 451, "profile_sidebar_border_color": "FFFFFF", "id_str": "1138504291", "profile_background_color": "C0DEED", "listed_count": 24, "is_translation_enabled": false, "utc_offset": 39600, "statuses_count": 5585, "description": "Andrew McLaughlin - Providing Communications Intelligence & photography for the Aerospace & Defence sectors. Words & pictures for @ausaviation & @flightglobal", "friends_count": 522, "location": "Canberra, Sydney, Singapore", "profile_link_color": "0012B3", "profile_image_url": "http://pbs.twimg.com/profile_images/378800000612175230/587e7605429beee391a5c99b8f6d9293_normal.jpeg", "following": false, "geo_enabled": false, "profile_banner_url": "https://pbs.twimg.com/profile_banners/1138504291/1416890559", "profile_background_image_url": "http://pbs.twimg.com/profile_background_images/499525128602935297/NTLauXbU.jpeg", "name": "COMINT", "lang": "en", "profile_background_tile": false, "favourites_count": 2389, "screen_name": "COMINT_AU", "notifications": false, "url": null, "created_at": "Fri Feb 01 02:26:45 +0000 2013", "contributors_enabled": false, "time_zone": "Canberra", "protected": false, "default_profile": false, "is_translator": false}, "geo": null, "in_reply_to_user_id_str": "508110571", "lang": "en", "created_at": "Mon Dec 15 09:19:03 +0000 2014", "in_reply_to_status_id_str": "544375845402341377", "place": null}
