{"contributors": null, "truncated": false, "text": "@FoxNews Hope they smoked that Isis dickhead", "in_reply_to_status_id": 544514570367168512, "id": 544514752316051456, "favorite_count": 1, "source": "<a href=\"http://twitter.com/download/iphone\" rel=\"nofollow\">Twitter for iPhone</a>", "retweeted": false, "coordinates": {"type": "Point", "coordinates": [-118.09349955, 34.69169572]}, "entities": {"symbols": [], "user_mentions": [{"id": 1367531, "indices": [0, 8], "id_str": "1367531", "screen_name": "FoxNews", "name": "Fox News"}], "hashtags": [], "urls": []}, "in_reply_to_screen_name": "FoxNews", "id_str": "544514752316051456", "retweet_count": 0, "in_reply_to_user_id": 1367531, "favorited": false, "user": {"follow_request_sent": false, "profile_use_background_image": true, "profile_text_color": "333333", "default_profile_image": false, "id": 275831401, "profile_background_image_url_https": "https://abs.twimg.com/images/themes/theme1/bg.png", "verified": false, "profile_location": null, "profile_image_url_https": "https://pbs.twimg.com/profile_images/531475714571534336/QOemg67Z_normal.jpeg", "profile_sidebar_fill_color": "DDEEF6", "entities": {"description": {"urls": []}}, "followers_count": 409, "profile_sidebar_border_color": "C0DEED", "id_str": "275831401", "profile_background_color": "C0DEED", "listed_count": 1, "is_translation_enabled": false, "utc_offset": -28800, "statuses_count": 8218, "description": "A person you would like to have a beer with and get to know", "friends_count": 719, "location": "", "profile_link_color": "0084B4", "profile_image_url": "http://pbs.twimg.com/profile_images/531475714571534336/QOemg67Z_normal.jpeg", "following": false, "geo_enabled": true, "profile_background_image_url": "http://abs.twimg.com/images/themes/theme1/bg.png", "name": "Greg Bashem", "lang": "en", "profile_background_tile": false, "favourites_count": 9393, "screen_name": "duhasswipe", "notifications": false, "url": null, "created_at": "Sat Apr 02 02:59:30 +0000 2011", "contributors_enabled": false, "time_zone": "Pacific Time (US & Canada)", "protected": false, "default_profile": true, "is_translator": false}, "geo": {"type": "Point", "coordinates": [34.69169572, -118.09349955]}, "in_reply_to_user_id_str": "1367531", "lang": "en", "created_at": "Mon Dec 15 15:30:08 +0000 2014", "in_reply_to_status_id_str": "544514570367168512", "place": {"full_name": "Lancaster, CA", "url": "https://api.twitter.com/1.1/geo/id/04291149b14feb9d.json", "country": "United States", "place_type": "city", "bounding_box": {"type": "Polygon", "coordinates": [[[-118.280798, 34.6309445], [-118.045755, 34.6309445], [-118.045755, 34.740709], [-118.280798, 34.740709]]]}, "contained_within": [], "country_code": "US", "attributes": {}, "id": "04291149b14feb9d", "name": "Lancaster"}}
