{"contributors":null,"truncated":false,"text":"\u201c@FoxNews: #SydneySiege: watch live Latest video of hostages escaping.\nhttps:\/\/t.co\/gWxw46Fy20\u201d","in_reply_to_status_id":544514570367168512,"id":544515720726323201,"favorite_count":1,"source":"<a href=\"http:\/\/twitter.com\/download\/iphone\" rel=\"nofollow\">Twitter for iPhone<\/a>","retweeted":false,"coordinates":null,"entities":{"symbols":[],"user_mentions":[{"id":1367531,"indices":[1,9],"id_str":"1367531","screen_name":"FoxNews","name":"Fox News"}],"hashtags":[{"indices":[11,23],"text":"SydneySiege"}],"urls":[{"url":"https:\/\/t.co\/gWxw46Fy20","indices":[71,94],"expanded_url":"https:\/\/amp.twimg.com\/v\/0db8b7fb-eccf-474e-be8e-164c5f55183b","display_url":"amp.twimg.com\/v\/0db8b7fb-ecc\u2026"}]},"in_reply_to_screen_name":"FoxNews","id_str":"544515720726323201","retweet_count":1,"in_reply_to_user_id":1367531,"favorited":false,"user":{"follow_request_sent":false,"profile_use_background_image":true,"profile_text_color":"333333","default_profile_image":false,"id":2613224950,"profile_background_image_url_https":"https:\/\/abs.twimg.com\/images\/themes\/theme1\/bg.png","verified":false,"profile_location":null,"profile_image_url_https":"https:\/\/pbs.twimg.com\/profile_images\/587604707453100032\/bksxSYUX_normal.jpg","profile_sidebar_fill_color":"DDEEF6","entities":{"url":{"urls":[{"url":"http:\/\/t.co\/bCokI3RyPd","indices":[0,22],"expanded_url":"http:\/\/www.governmentconsultant.ng","display_url":"governmentconsultant.ng"}]},"description":{"urls":[]}},"followers_count":13985,"profile_sidebar_border_color":"C0DEED","id_str":"2613224950","profile_background_color":"C0DEED","listed_count":16,"is_translation_enabled":false,"utc_offset":3600,"statuses_count":9274,"description":"The science of govt it's my duty to study, above all sciences. I must study politics & war, that our children may have liberty to study maths, geography, etc.","friends_count":2806,"location":"Worldwide","profile_link_color":"0084B4","profile_image_url":"http:\/\/pbs.twimg.com\/profile_images\/587604707453100032\/bksxSYUX_normal.jpg","following":false,"geo_enabled":false,"profile_banner_url":"https:\/\/pbs.twimg.com\/profile_banners\/2613224950\/1418170111","profile_background_image_url":"http:\/\/abs.twimg.com\/images\/themes\/theme1\/bg.png","name":"Femi S. A. George","lang":"en","profile_background_tile":false,"favourites_count":206,"screen_name":"Femipediang","notifications":false,"url":"http:\/\/t.co\/bCokI3RyPd","created_at":"Mon Jun 16 04:40:40 +0000 2014","contributors_enabled":false,"time_zone":"Amsterdam","protected":false,"default_profile":true,"is_translator":false},"geo":null,"in_reply_to_user_id_str":"1367531","possibly_sensitive":false,"lang":"en","created_at":"Mon Dec 15 15:33:59 +0000 2014","in_reply_to_status_id_str":"544514570367168512","place":null}