{"contributors":null,"truncated":false,"text":"Unreal. Like a scene out of a movie\/video game. RT \u201c@FoxNews: #SydneySiege: Latest video of hostages escaping.\nhttps:\/\/t.co\/sb4FFsrBkL\u201d","in_reply_to_status_id":544514570367168512,"id":544516832137592832,"favorite_count":1,"source":"<a href=\"http:\/\/twitter.com\/download\/iphone\" rel=\"nofollow\">Twitter for iPhone<\/a>","retweeted":false,"coordinates":null,"entities":{"symbols":[],"user_mentions":[{"id":1367531,"indices":[52,60],"id_str":"1367531","screen_name":"FoxNews","name":"Fox News"}],"hashtags":[{"indices":[62,74],"text":"SydneySiege"}],"urls":[{"url":"https:\/\/t.co\/sb4FFsrBkL","indices":[111,134],"expanded_url":"https:\/\/amp.twimg.com\/v\/0db8b7fb-eccf-474e-be8e-164c5f55183b","display_url":"amp.twimg.com\/v\/0db8b7fb-ecc\u2026"}]},"in_reply_to_screen_name":"FoxNews","id_str":"544516832137592832","retweet_count":1,"in_reply_to_user_id":1367531,"favorited":false,"user":{"follow_request_sent":false,"profile_use_background_image":true,"profile_text_color":"333333","default_profile_image":false,"id":1345396363,"profile_background_image_url_https":"https:\/\/pbs.twimg.com\/profile_background_images\/840167418\/4de6f14cc8a32e2f7521d634e1d377e5.jpeg","verified":false,"profile_location":null,"profile_image_url_https":"https:\/\/pbs.twimg.com\/profile_images\/546460430181601280\/Wm-M2d3S_normal.jpeg","profile_sidebar_fill_color":"DDEEF6","entities":{"description":{"urls":[]}},"followers_count":164,"profile_sidebar_border_color":"FFFFFF","id_str":"1345396363","profile_background_color":"131516","listed_count":2,"is_translation_enabled":false,"utc_offset":null,"statuses_count":1477,"description":"Stand by the Constitution, live within your means, teach positive values, accept personal responsibility, and be realistic. Strictly my opinions.","friends_count":472,"location":"The United States of America","profile_link_color":"009999","profile_image_url":"http:\/\/pbs.twimg.com\/profile_images\/546460430181601280\/Wm-M2d3S_normal.jpeg","following":false,"geo_enabled":false,"profile_banner_url":"https:\/\/pbs.twimg.com\/profile_banners\/1345396363\/1365722853","profile_background_image_url":"http:\/\/pbs.twimg.com\/profile_background_images\/840167418\/4de6f14cc8a32e2f7521d634e1d377e5.jpeg","name":"Stand Up America","lang":"en","profile_background_tile":true,"favourites_count":362,"screen_name":"LandODaFree","notifications":false,"url":null,"created_at":"Thu Apr 11 21:59:39 +0000 2013","contributors_enabled":false,"time_zone":null,"protected":false,"default_profile":false,"is_translator":false},"geo":null,"in_reply_to_user_id_str":"1367531","possibly_sensitive":false,"lang":"en","created_at":"Mon Dec 15 15:38:24 +0000 2014","in_reply_to_status_id_str":"544514570367168512","place":null}