{"contributors":null,"truncated":false,"text":"@FoxNews GUNMAN IS DOWN","in_reply_to_status_id":544514570367168512,"id":544514712961306625,"favorite_count":1,"source":"<a href=\"https:\/\/about.twitter.com\/products\/tweetdeck\" rel=\"nofollow\">TweetDeck<\/a>","retweeted":false,"coordinates":null,"entities":{"symbols":[],"user_mentions":[{"id":1367531,"indices":[0,8],"id_str":"1367531","screen_name":"FoxNews","name":"Fox News"}],"hashtags":[],"urls":[]},"in_reply_to_screen_name":"FoxNews","id_str":"544514712961306625","retweet_count":2,"in_reply_to_user_id":1367531,"favorited":false,"user":{"follow_request_sent":false,"profile_use_background_image":true,"profile_text_color":"333333","default_profile_image":false,"id":374357782,"profile_background_image_url_https":"https:\/\/pbs.twimg.com\/profile_background_images\/764207626\/e72ddf414563a2489afeb8a88d6aa760.png","verified":false,"profile_location":null,"profile_image_url_https":"https:\/\/pbs.twimg.com\/profile_images\/583847609103593472\/nNurUQ5k_normal.png","profile_sidebar_fill_color":"DDEEF6","entities":{"description":{"urls":[]}},"followers_count":6492,"profile_sidebar_border_color":"000000","id_str":"374357782","profile_background_color":"000000","listed_count":51,"is_translation_enabled":false,"utc_offset":-25200,"statuses_count":97187,"description":"Best pony, Hashtag Warrior, former chaotic spirit now REFORMED thanks to Fluttershy","friends_count":2187,"location":"Equestria","profile_link_color":"5C3300","profile_image_url":"http:\/\/pbs.twimg.com\/profile_images\/583847609103593472\/nNurUQ5k_normal.png","following":false,"geo_enabled":false,"profile_background_image_url":"http:\/\/pbs.twimg.com\/profile_background_images\/764207626\/e72ddf414563a2489afeb8a88d6aa760.png","name":"Discord","lang":"en","profile_background_tile":false,"favourites_count":20057,"screen_name":"DlSCORD","notifications":false,"url":null,"created_at":"Fri Sep 16 05:29:46 +0000 2011","contributors_enabled":false,"time_zone":"Arizona","protected":false,"default_profile":false,"is_translator":false},"geo":null,"in_reply_to_user_id_str":"1367531","lang":"en","created_at":"Mon Dec 15 15:29:58 +0000 2014","in_reply_to_status_id_str":"544514570367168512","place":null}