{"contributors": null, "truncated": false, "text": "@FoxNews How long before Fox viewers blame this on President Obama? 3...2...1...", "in_reply_to_status_id": 544514570367168512, "id": 544517360787263489, "favorite_count": 0, "source": "<a href=\"http://twitter.com/#!/download/ipad\" rel=\"nofollow\">Twitter for iPad</a>", "retweeted": false, "coordinates": null, "entities": {"symbols": [], "user_mentions": [{"id": 1367531, "indices": [0, 8], "id_str": "1367531", "screen_name": "FoxNews", "name": "Fox News"}], "hashtags": [], "urls": []}, "in_reply_to_screen_name": "FoxNews", "id_str": "544517360787263489", "retweet_count": 0, "in_reply_to_user_id": 1367531, "favorited": false, "user": {"follow_request_sent": false, "profile_use_background_image": true, "profile_text_color": "333333", "default_profile_image": false, "id": 64704431, "profile_background_image_url_https": "https://abs.twimg.com/images/themes/theme1/bg.png", "verified": false, "profile_location": null, "profile_image_url_https": "https://pbs.twimg.com/profile_images/514827417123557376/vukYwhW6_normal.jpeg", "profile_sidebar_fill_color": "DDEEF6", "entities": {"description": {"urls": []}}, "followers_count": 875, "profile_sidebar_border_color": "C0DEED", "id_str": "64704431", "profile_background_color": "C0DEED", "listed_count": 13, "is_translation_enabled": false, "utc_offset": -36000, "statuses_count": 15004, "description": "Flawed But Forgiven. Love Politics.  Hate Bullies. RWNJs will be blocked! Did I mention I hate bullies? Voted For President Obama twice and so proud of him!", "friends_count": 793, "location": "Los Angeles", "profile_link_color": "0084B4", "profile_image_url": "http://pbs.twimg.com/profile_images/514827417123557376/vukYwhW6_normal.jpeg", "following": false, "geo_enabled": true, "profile_banner_url": "https://pbs.twimg.com/profile_banners/64704431/1357273112", "profile_background_image_url": "http://abs.twimg.com/images/themes/theme1/bg.png", "name": "BevDiane", "lang": "en", "profile_background_tile": false, "favourites_count": 179, "screen_name": "BevDiane", "notifications": false, "url": null, "created_at": "Tue Aug 11 12:52:31 +0000 2009", "contributors_enabled": false, "time_zone": "Hawaii", "protected": false, "default_profile": true, "is_translator": false}, "geo": null, "in_reply_to_user_id_str": "1367531", "lang": "en", "created_at": "Mon Dec 15 15:40:30 +0000 2014", "in_reply_to_status_id_str": "544514570367168512", "place": null}
