{"contributors": null, "truncated": false, "text": "\u201c@LandODaFree: Unreal. Like  a movie \u201c@FoxNews: #SydneySiege: Latest video of hostages escaping.\nhttps://t.co/cwC3Rv37Ze\u201d\u201d @ClauCaviedes", "in_reply_to_status_id": 544516832137592832, "id": 544518358113480705, "favorite_count": 1, "source": "<a href=\"http://twitter.com/download/iphone\" rel=\"nofollow\">Twitter for iPhone</a>", "retweeted": false, "coordinates": null, "entities": {"symbols": [], "user_mentions": [{"id": 1345396363, "indices": [1, 13], "id_str": "1345396363", "screen_name": "LandODaFree", "name": "Stand Up America"}, {"id": 1367531, "indices": [38, 46], "id_str": "1367531", "screen_name": "FoxNews", "name": "Fox News"}, {"id": 167023724, "indices": [123, 136], "id_str": "167023724", "screen_name": "ClauCaviedes", "name": "Claudia Caviedes"}], "hashtags": [{"indices": [48, 60], "text": "SydneySiege"}], "urls": [{"url": "https://t.co/cwC3Rv37Ze", "indices": [97, 120], "expanded_url": "https://amp.twimg.com/v/0db8b7fb-eccf-474e-be8e-164c5f55183b", "display_url": "amp.twimg.com/v/0db8b7fb-ecc\u2026"}]}, "in_reply_to_screen_name": "LandODaFree", "id_str": "544518358113480705", "retweet_count": 0, "in_reply_to_user_id": 1345396363, "favorited": false, "user": {"follow_request_sent": false, "profile_use_background_image": true, "profile_text_color": "634047", "default_profile_image": false, "id": 233522189, "profile_background_image_url_https": "https://abs.twimg.com/images/themes/theme3/bg.gif", "verified": false, "profile_location": null, "profile_image_url_https": "https://pbs.twimg.com/profile_images/473617199719256064/9FNVEWfk_normal.jpeg", "profile_sidebar_fill_color": "E3E2DE", "entities": {"description": {"urls": []}}, "followers_count": 46, "profile_sidebar_border_color": "D3D2CF", "id_str": "233522189", "profile_background_color": "EDECE9", "listed_count": 0, "is_translation_enabled": false, "utc_offset": -10800, "statuses_count": 322, "description": "", "friends_count": 117, "location": "Colombia", "profile_link_color": "088253", "profile_image_url": "http://pbs.twimg.com/profile_images/473617199719256064/9FNVEWfk_normal.jpeg", "following": false, "geo_enabled": false, "profile_banner_url": "https://pbs.twimg.com/profile_banners/233522189/1401754151", "profile_background_image_url": "http://abs.twimg.com/images/themes/theme3/bg.gif", "name": "SH", "lang": "en", "profile_background_tile": false, "favourites_count": 31, "screen_name": "S1LVIAH", "notifications": false, "url": null, "created_at": "Mon Jan 03 13:07:58 +0000 2011", "contributors_enabled": false, "time_zone": "Santiago", "protected": false, "default_profile": false, "is_translator": false}, "geo": null, "in_reply_to_user_id_str": "1345396363", "possibly_sensitive": false, "lang": "en", "created_at": "Mon Dec 15 15:44:27 +0000 2014", "in_reply_to_status_id_str": "544516832137592832", "place": null}
