{"contributors": null, "truncated": false, "text": "@FoxNews looks like a bomb disposal robot is getting ready to go in", "in_reply_to_status_id": 544514570367168512, "id": 544515318626799616, "favorite_count": 0, "source": "<a href=\"http://twitter.com/download/iphone\" rel=\"nofollow\">Twitter for iPhone</a>", "retweeted": false, "coordinates": null, "entities": {"symbols": [], "user_mentions": [{"id": 1367531, "indices": [0, 8], "id_str": "1367531", "screen_name": "FoxNews", "name": "Fox News"}], "hashtags": [], "urls": []}, "in_reply_to_screen_name": "FoxNews", "id_str": "544515318626799616", "retweet_count": 0, "in_reply_to_user_id": 1367531, "favorited": false, "user": {"follow_request_sent": false, "profile_use_background_image": true, "profile_text_color": "333333", "default_profile_image": false, "id": 1091725316, "profile_background_image_url_https": "https://abs.twimg.com/images/themes/theme1/bg.png", "verified": false, "profile_location": null, "profile_image_url_https": "https://pbs.twimg.com/profile_images/528468448032985088/4Tja-mQL_normal.jpeg", "profile_sidebar_fill_color": "DDEEF6", "entities": {"description": {"urls": []}}, "followers_count": 46, "profile_sidebar_border_color": "C0DEED", "id_str": "1091725316", "profile_background_color": "C0DEED", "listed_count": 2, "is_translation_enabled": false, "utc_offset": null, "statuses_count": 704, "description": "Under achiever serial fuckwit", "friends_count": 213, "location": "", "profile_link_color": "0084B4", "profile_image_url": "http://pbs.twimg.com/profile_images/528468448032985088/4Tja-mQL_normal.jpeg", "following": false, "geo_enabled": false, "profile_banner_url": "https://pbs.twimg.com/profile_banners/1091725316/1409108492", "profile_background_image_url": "http://abs.twimg.com/images/themes/theme1/bg.png", "name": "Justin", "lang": "en", "profile_background_tile": false, "favourites_count": 456, "screen_name": "Juzmon", "notifications": false, "url": null, "created_at": "Tue Jan 15 10:58:46 +0000 2013", "contributors_enabled": false, "time_zone": null, "protected": false, "default_profile": true, "is_translator": false}, "geo": null, "in_reply_to_user_id_str": "1367531", "lang": "en", "created_at": "Mon Dec 15 15:32:23 +0000 2014", "in_reply_to_status_id_str": "544514570367168512", "place": null}
