{"contributors": null, "truncated": false, "text": "@duhasswipe @FoxNews any update on PA shooting?", "in_reply_to_status_id": 544514752316051456, "id": 544515072731914240, "favorite_count": 1, "source": "<a href=\"http://twitter.com\" rel=\"nofollow\">Twitter Web Client</a>", "retweeted": false, "coordinates": null, "entities": {"symbols": [], "user_mentions": [{"id": 275831401, "indices": [0, 11], "id_str": "275831401", "screen_name": "duhasswipe", "name": "Greg Bashem"}, {"id": 1367531, "indices": [12, 20], "id_str": "1367531", "screen_name": "FoxNews", "name": "Fox News"}], "hashtags": [], "urls": []}, "in_reply_to_screen_name": "duhasswipe", "id_str": "544515072731914240", "retweet_count": 1, "in_reply_to_user_id": 275831401, "favorited": false, "user": {"follow_request_sent": false, "profile_use_background_image": true, "profile_text_color": "333333", "default_profile_image": false, "id": 2922814893, "profile_background_image_url_https": "https://abs.twimg.com/images/themes/theme1/bg.png", "verified": false, "profile_location": null, "profile_image_url_https": "https://pbs.twimg.com/profile_images/544480477428477953/tmgeEXQm_normal.jpeg", "profile_sidebar_fill_color": "DDEEF6", "entities": {"description": {"urls": []}}, "followers_count": 26, "profile_sidebar_border_color": "C0DEED", "id_str": "2922814893", "profile_background_color": "C0DEED", "listed_count": 0, "is_translation_enabled": false, "utc_offset": null, "statuses_count": 143, "description": "", "friends_count": 78, "location": "Frankfurt", "profile_link_color": "0084B4", "profile_image_url": "http://pbs.twimg.com/profile_images/544480477428477953/tmgeEXQm_normal.jpeg", "following": false, "geo_enabled": false, "profile_background_image_url": "http://abs.twimg.com/images/themes/theme1/bg.png", "name": "Carl Krus", "lang": "en", "profile_background_tile": false, "favourites_count": 0, "screen_name": "carl_krus", "notifications": false, "url": null, "created_at": "Mon Dec 15 13:07:54 +0000 2014", "contributors_enabled": false, "time_zone": null, "protected": false, "default_profile": true, "is_translator": false}, "geo": null, "in_reply_to_user_id_str": "275831401", "lang": "en", "created_at": "Mon Dec 15 15:31:24 +0000 2014", "in_reply_to_status_id_str": "544514752316051456", "place": null}
