{"contributors": null, "truncated": false, "text": "@FoxNews where is al sharpton to a rest the cops. Australian cops are awesome!!!", "in_reply_to_status_id": 544514570367168512, "id": 544515712640094209, "favorite_count": 0, "source": "<a href=\"http://twitter.com/download/android\" rel=\"nofollow\">Twitter for Android</a>", "retweeted": false, "coordinates": null, "entities": {"symbols": [], "user_mentions": [{"id": 1367531, "indices": [0, 8], "id_str": "1367531", "screen_name": "FoxNews", "name": "Fox News"}], "hashtags": [], "urls": []}, "in_reply_to_screen_name": "FoxNews", "id_str": "544515712640094209", "retweet_count": 0, "in_reply_to_user_id": 1367531, "favorited": false, "user": {"follow_request_sent": false, "profile_use_background_image": true, "profile_text_color": "333333", "default_profile_image": false, "id": 2686109520, "profile_background_image_url_https": "https://abs.twimg.com/images/themes/theme1/bg.png", "verified": false, "profile_location": null, "profile_image_url_https": "https://pbs.twimg.com/profile_images/523494235178557441/bG3OQDPB_normal.jpeg", "profile_sidebar_fill_color": "DDEEF6", "entities": {"description": {"urls": []}}, "followers_count": 253, "profile_sidebar_border_color": "C0DEED", "id_str": "2686109520", "profile_background_color": "C0DEED", "listed_count": 5, "is_translation_enabled": false, "utc_offset": null, "statuses_count": 2511, "description": "vote smart, love Jesus! looking for His return.", "friends_count": 258, "location": "", "profile_link_color": "0084B4", "profile_image_url": "http://pbs.twimg.com/profile_images/523494235178557441/bG3OQDPB_normal.jpeg", "following": false, "geo_enabled": false, "profile_banner_url": "https://pbs.twimg.com/profile_banners/2686109520/1413645713", "profile_background_image_url": "http://abs.twimg.com/images/themes/theme1/bg.png", "name": "Kimbosa Harper", "lang": "en", "profile_background_tile": false, "favourites_count": 1200, "screen_name": "kimbosa24", "notifications": false, "url": null, "created_at": "Sun Jul 27 23:13:08 +0000 2014", "contributors_enabled": false, "time_zone": null, "protected": false, "default_profile": true, "is_translator": false}, "geo": null, "in_reply_to_user_id_str": "1367531", "lang": "en", "created_at": "Mon Dec 15 15:33:57 +0000 2014", "in_reply_to_status_id_str": "544514570367168512", "place": null}
