{"contributors": null, "truncated": false, "text": "@FoxNews @AmericaNewsroom The corrupt Congress just funded Obama's illegal amnesty, but Fox will distract viewers with Sydney, Sydney.......", "in_reply_to_status_id": 544514570367168512, "id": 544517439439241217, "favorite_count": 0, "source": "<a href=\"http://twitter.com\" rel=\"nofollow\">Twitter Web Client</a>", "retweeted": false, "coordinates": null, "entities": {"symbols": [], "user_mentions": [{"id": 1367531, "indices": [0, 8], "id_str": "1367531", "screen_name": "FoxNews", "name": "Fox News"}, {"id": 312800783, "indices": [9, 25], "id_str": "312800783", "screen_name": "AmericaNewsroom", "name": "America's Newsroom"}], "hashtags": [], "urls": []}, "in_reply_to_screen_name": "FoxNews", "id_str": "544517439439241217", "retweet_count": 0, "in_reply_to_user_id": 1367531, "favorited": false, "user": {"follow_request_sent": false, "profile_use_background_image": true, "profile_text_color": "3C3940", "default_profile_image": false, "id": 48310336, "profile_background_image_url_https": "https://abs.twimg.com/images/themes/theme4/bg.gif", "verified": false, "profile_location": null, "profile_image_url_https": "https://pbs.twimg.com/profile_images/2294131106/tzeysq2was8a14xmc8tb_normal.jpeg", "profile_sidebar_fill_color": "95E8EC", "entities": {"url": {"urls": [{"url": "http://t.co/T6rtNlIzz6", "indices": [0, 22], "expanded_url": "http://terral03.com", "display_url": "terral03.com"}]}, "description": {"urls": [{"url": "http://t.co/T6rtNlIzz6", "indices": [31, 53], "expanded_url": "http://terral03.com", "display_url": "terral03.com"}]}}, "followers_count": 170, "profile_sidebar_border_color": "5ED4DC", "id_str": "48310336", "profile_background_color": "0099B9", "listed_count": 1, "is_translation_enabled": false, "utc_offset": -21600, "statuses_count": 1635, "description": "Get Terral's 2012 Newsletter @ http://t.co/T6rtNlIzz6", "friends_count": 115, "location": "Ozarks, USA", "profile_link_color": "0099B9", "profile_image_url": "http://pbs.twimg.com/profile_images/2294131106/tzeysq2was8a14xmc8tb_normal.jpeg", "following": false, "geo_enabled": false, "profile_background_image_url": "http://abs.twimg.com/images/themes/theme4/bg.gif", "name": "Terral03", "lang": "en", "profile_background_tile": false, "favourites_count": 0, "screen_name": "Terral03", "notifications": false, "url": "http://t.co/T6rtNlIzz6", "created_at": "Thu Jun 18 10:32:52 +0000 2009", "contributors_enabled": false, "time_zone": "Central Time (US & Canada)", "protected": false, "default_profile": false, "is_translator": false}, "geo": null, "in_reply_to_user_id_str": "1367531", "lang": "en", "created_at": "Mon Dec 15 15:40:48 +0000 2014", "in_reply_to_status_id_str": "544514570367168512", "place": null}
