{"contributors":null,"truncated":false,"text":"@FoxNews This is a great training video! These people comply with police as seen with their HANDS UP! Ironically, none of them were shot.","in_reply_to_status_id":544514570367168512,"id":544518602469441537,"favorite_count":0,"source":"<a href=\"http:\/\/twitter.com\/download\/android\" rel=\"nofollow\">Twitter for Android<\/a>","retweeted":false,"coordinates":null,"entities":{"symbols":[],"user_mentions":[{"id":1367531,"indices":[0,8],"id_str":"1367531","screen_name":"FoxNews","name":"Fox News"}],"hashtags":[],"urls":[]},"in_reply_to_screen_name":"FoxNews","id_str":"544518602469441537","retweet_count":0,"in_reply_to_user_id":1367531,"favorited":false,"user":{"follow_request_sent":false,"profile_use_background_image":true,"profile_text_color":"333333","default_profile_image":false,"id":150156884,"profile_background_image_url_https":"https:\/\/abs.twimg.com\/images\/themes\/theme1\/bg.png","verified":false,"profile_location":null,"profile_image_url_https":"https:\/\/pbs.twimg.com\/profile_images\/555903009809780736\/MWGbC35j_normal.jpeg","profile_sidebar_fill_color":"DDEEF6","entities":{"description":{"urls":[]}},"followers_count":94,"profile_sidebar_border_color":"C0DEED","id_str":"150156884","profile_background_color":"C0DEED","listed_count":1,"is_translation_enabled":false,"utc_offset":null,"statuses_count":3009,"description":"REDSKINS FOR LIFE. K-State Football. KU Basketball. Hunting\/Fishing\/Firearms. Armed forces, First responders supporter.","friends_count":97,"location":"N.C. Kansas","profile_link_color":"0084B4","profile_image_url":"http:\/\/pbs.twimg.com\/profile_images\/555903009809780736\/MWGbC35j_normal.jpeg","following":false,"geo_enabled":false,"profile_banner_url":"https:\/\/pbs.twimg.com\/profile_banners\/150156884\/1410216882","profile_background_image_url":"http:\/\/abs.twimg.com\/images\/themes\/theme1\/bg.png","name":"Derek John Espinoza","lang":"en","profile_background_tile":false,"favourites_count":486,"screen_name":"George_Jingles","notifications":false,"url":null,"created_at":"Mon May 31 06:45:28 +0000 2010","contributors_enabled":false,"time_zone":null,"protected":false,"default_profile":true,"is_translator":false},"geo":null,"in_reply_to_user_id_str":"1367531","lang":"en","created_at":"Mon Dec 15 15:45:26 +0000 2014","in_reply_to_status_id_str":"544514570367168512","place":null}