{"contributors":null,"truncated":false,"text":"@FoxNews Is he dead yet?","in_reply_to_status_id":544514570367168512,"id":544515123726258176,"favorite_count":0,"source":"<a href=\"http:\/\/twitter.com\" rel=\"nofollow\">Twitter Web Client<\/a>","retweeted":false,"coordinates":null,"entities":{"symbols":[],"user_mentions":[{"id":1367531,"indices":[0,8],"id_str":"1367531","screen_name":"FoxNews","name":"Fox News"}],"hashtags":[],"urls":[]},"in_reply_to_screen_name":"FoxNews","id_str":"544515123726258176","retweet_count":0,"in_reply_to_user_id":1367531,"favorited":false,"user":{"follow_request_sent":false,"profile_use_background_image":true,"profile_text_color":"3C3940","default_profile_image":false,"id":2898190371,"profile_background_image_url_https":"https:\/\/abs.twimg.com\/images\/themes\/theme4\/bg.gif","verified":false,"profile_location":null,"profile_image_url_https":"https:\/\/pbs.twimg.com\/profile_images\/554234813024985089\/yPL0URpo_normal.png","profile_sidebar_fill_color":"95E8EC","entities":{"description":{"urls":[]}},"followers_count":76,"profile_sidebar_border_color":"5ED4DC","id_str":"2898190371","profile_background_color":"0099B9","listed_count":0,"is_translation_enabled":false,"utc_offset":-18000,"statuses_count":1829,"description":"The bulk of my career was involved in law enforcement and the Air Force\/Air Force Reserves. .","friends_count":229,"location":"Greater Atlanta","profile_link_color":"0099B9","profile_image_url":"http:\/\/pbs.twimg.com\/profile_images\/554234813024985089\/yPL0URpo_normal.png","following":false,"geo_enabled":true,"profile_banner_url":"https:\/\/pbs.twimg.com\/profile_banners\/2898190371\/1417786095","profile_background_image_url":"http:\/\/abs.twimg.com\/images\/themes\/theme4\/bg.gif","name":"Babyface","lang":"en","profile_background_tile":false,"favourites_count":1342,"screen_name":"cheftech4020","notifications":false,"url":null,"created_at":"Sat Nov 29 22:03:09 +0000 2014","contributors_enabled":false,"time_zone":"Eastern Time (US & Canada)","protected":false,"default_profile":false,"is_translator":false},"geo":null,"in_reply_to_user_id_str":"1367531","lang":"en","created_at":"Mon Dec 15 15:31:36 +0000 2014","in_reply_to_status_id_str":"544514570367168512","place":null}