{"contributors": null, "truncated": false, "text": "@SharriMarkson who do you think you\u2019re \u201cinforming\u201d?", "in_reply_to_status_id": 544291965513134080, "id": 544293426259189761, "favorite_count": 1, "source": "<a href=\"https://about.twitter.com/products/tweetdeck\" rel=\"nofollow\">TweetDeck</a>", "retweeted": false, "coordinates": null, "entities": {"symbols": [], "user_mentions": [{"id": 52327900, "indices": [0, 14], "id_str": "52327900", "screen_name": "SharriMarkson", "name": "Sharri Markson"}], "hashtags": [], "urls": []}, "in_reply_to_screen_name": "SharriMarkson", "id_str": "544293426259189761", "retweet_count": 0, "in_reply_to_user_id": 52327900, "favorited": false, "user": {"follow_request_sent": false, "profile_use_background_image": true, "profile_text_color": "333333", "default_profile_image": false, "id": 330216287, "profile_background_image_url_https": "https://abs.twimg.com/images/themes/theme1/bg.png", "verified": false, "profile_location": null, "profile_image_url_https": "https://pbs.twimg.com/profile_images/508039276957679617/WMLLV4uf_normal.jpeg", "profile_sidebar_fill_color": "DDEEF6", "entities": {"url": {"urls": [{"url": "http://t.co/ydI0kBWpl5", "indices": [0, 22], "expanded_url": "http://theunderwhelmingblog.blogspot.com.au", "display_url": "theunderwhelmingblog.blogspot.com.au"}]}, "description": {"urls": []}}, "followers_count": 658, "profile_sidebar_border_color": "C0DEED", "id_str": "330216287", "profile_background_color": "C0DEED", "listed_count": 25, "is_translation_enabled": false, "utc_offset": 39600, "statuses_count": 17593, "description": "Itinerant vagabond.", "friends_count": 48, "location": "Launceston Tasmania", "profile_link_color": "0084B4", "profile_image_url": "http://pbs.twimg.com/profile_images/508039276957679617/WMLLV4uf_normal.jpeg", "following": false, "geo_enabled": false, "profile_banner_url": "https://pbs.twimg.com/profile_banners/330216287/1365832252", "profile_background_image_url": "http://abs.twimg.com/images/themes/theme1/bg.png", "name": "Damien Walker", "lang": "en", "profile_background_tile": false, "favourites_count": 146, "screen_name": "DamienCWalker", "notifications": false, "url": "http://t.co/ydI0kBWpl5", "created_at": "Wed Jul 06 08:47:06 +0000 2011", "contributors_enabled": false, "time_zone": "New Caledonia", "protected": false, "default_profile": true, "is_translator": false}, "geo": null, "in_reply_to_user_id_str": "52327900", "lang": "en", "created_at": "Mon Dec 15 00:50:39 +0000 2014", "in_reply_to_status_id_str": "544291965513134080", "place": null}
