{"contributors": null, "truncated": false, "text": "@noplaceforsheep @SharriMarkson She is SOOOOO Stupid that she is completely incapable of realising it.", "in_reply_to_status_id": 544292691928838144, "id": 544293930087366657, "favorite_count": 2, "source": "<a href=\"http://twitter.com\" rel=\"nofollow\">Twitter Web Client</a>", "retweeted": false, "coordinates": null, "entities": {"symbols": [], "user_mentions": [{"id": 233343317, "indices": [0, 16], "id_str": "233343317", "screen_name": "noplaceforsheep", "name": "Sheep for Baby Jesus"}, {"id": 52327900, "indices": [17, 31], "id_str": "52327900", "screen_name": "SharriMarkson", "name": "Sharri Markson"}], "hashtags": [], "urls": []}, "in_reply_to_screen_name": "noplaceforsheep", "id_str": "544293930087366657", "retweet_count": 1, "in_reply_to_user_id": 233343317, "favorited": false, "user": {"follow_request_sent": false, "profile_use_background_image": true, "profile_text_color": "666666", "default_profile_image": false, "id": 17358139, "profile_background_image_url_https": "https://pbs.twimg.com/profile_background_images/378800000031714206/0efea0f01e256f85c4abcf76d4bf5024.jpeg", "verified": false, "profile_location": null, "profile_image_url_https": "https://pbs.twimg.com/profile_images/447974492271177728/QP4Kj5Kr_normal.jpeg", "profile_sidebar_fill_color": "252429", "entities": {"url": {"urls": [{"url": "http://t.co/1ZVHFPNxtG", "indices": [0, 22], "expanded_url": "http://www.gaydadsaustralia.com", "display_url": "gaydadsaustralia.com"}]}, "description": {"urls": []}}, "followers_count": 791, "profile_sidebar_border_color": "FFFFFF", "id_str": "17358139", "profile_background_color": "1A1B1F", "listed_count": 13, "is_translation_enabled": false, "utc_offset": 39600, "statuses_count": 10161, "description": "glbti parenting, marriage equality, bow ties, big poof, married to Jeff, 3 boys - Gay Dads Australia", "friends_count": 721, "location": "-37.821606,145.012095", "profile_link_color": "2FC2EF", "profile_image_url": "http://pbs.twimg.com/profile_images/447974492271177728/QP4Kj5Kr_normal.jpeg", "following": false, "geo_enabled": true, "profile_banner_url": "https://pbs.twimg.com/profile_banners/17358139/1352806918", "profile_background_image_url": "http://pbs.twimg.com/profile_background_images/378800000031714206/0efea0f01e256f85c4abcf76d4bf5024.jpeg", "name": "Rodney Chiang-Cruise", "lang": "en", "profile_background_tile": false, "favourites_count": 1459, "screen_name": "rodneycruise", "notifications": false, "url": "http://t.co/1ZVHFPNxtG", "created_at": "Thu Nov 13 05:06:37 +0000 2008", "contributors_enabled": false, "time_zone": "Melbourne", "protected": false, "default_profile": false, "is_translator": false}, "geo": null, "in_reply_to_user_id_str": "233343317", "lang": "en", "created_at": "Mon Dec 15 00:52:40 +0000 2014", "in_reply_to_status_id_str": "544292691928838144", "place": null}
