{"contributors": null, "truncated": false, "text": "\u201c@SharriMarkson: According to Seven, this is a picture of the gunman http://t.co/LGpQ8zE5pb\u201d - no idea how true this is but fascinating", "in_reply_to_status_id": 544291965513134080, "id": 544293007391207425, "favorite_count": 0, "source": "<a href=\"http://twitter.com/download/iphone\" rel=\"nofollow\">Twitter for iPhone</a>", "retweeted": false, "coordinates": null, "entities": {"symbols": [], "user_mentions": [{"id": 52327900, "indices": [1, 15], "id_str": "52327900", "screen_name": "SharriMarkson", "name": "Sharri Markson"}], "hashtags": [], "urls": [], "media": [{"source_user_id": 52327900, "source_status_id_str": "544291965513134080", "expanded_url": "http://twitter.com/SharriMarkson/status/544291965513134080/photo/1", "display_url": "pic.twitter.com/LGpQ8zE5pb", "url": "http://t.co/LGpQ8zE5pb", "media_url_https": "https://pbs.twimg.com/media/B422qFZCcAA4EJE.jpg", "source_user_id_str": "52327900", "source_status_id": 544291965513134080, "id_str": "544291964099653632", "sizes": {"large": {"h": 327, "resize": "fit", "w": 440}, "small": {"h": 252, "resize": "fit", "w": 340}, "medium": {"h": 327, "resize": "fit", "w": 440}, "thumb": {"h": 150, "resize": "crop", "w": 150}}, "indices": [69, 91], "type": "photo", "id": 544291964099653632, "media_url": "http://pbs.twimg.com/media/B422qFZCcAA4EJE.jpg"}]}, "in_reply_to_screen_name": "SharriMarkson", "id_str": "544293007391207425", "retweet_count": 0, "in_reply_to_user_id": 52327900, "favorited": false, "user": {"follow_request_sent": false, "profile_use_background_image": false, "profile_text_color": "333333", "default_profile_image": false, "id": 19453237, "profile_background_image_url_https": "https://pbs.twimg.com/profile_background_images/506612005478739968/Ae3f4kpv.jpeg", "verified": false, "profile_location": null, "profile_image_url_https": "https://pbs.twimg.com/profile_images/544526344709627904/VV4-JPJB_normal.jpeg", "profile_sidebar_fill_color": "E6F6F9", "entities": {"url": {"urls": [{"url": "http://t.co/SPbBoeQW9U", "indices": [0, 22], "expanded_url": "http://dearg.uk", "display_url": "dearg.uk"}]}, "description": {"urls": []}}, "followers_count": 206, "profile_sidebar_border_color": "000000", "id_str": "19453237", "profile_background_color": "FFFFFF", "listed_count": 9, "is_translation_enabled": false, "utc_offset": 0, "statuses_count": 8083, "description": "The Property & Tech guy with a love for #F1 @officialMyHouse | Selfie stick owner", "friends_count": 273, "location": "Southport", "profile_link_color": "C1D1D4", "profile_image_url": "http://pbs.twimg.com/profile_images/544526344709627904/VV4-JPJB_normal.jpeg", "following": false, "geo_enabled": true, "profile_banner_url": "https://pbs.twimg.com/profile_banners/19453237/1418660420", "profile_background_image_url": "http://pbs.twimg.com/profile_background_images/506612005478739968/Ae3f4kpv.jpeg", "name": "DEARG", "lang": "en", "profile_background_tile": false, "favourites_count": 684, "screen_name": "deargobartuin", "notifications": false, "url": "http://t.co/SPbBoeQW9U", "created_at": "Sat Jan 24 16:56:13 +0000 2009", "contributors_enabled": false, "time_zone": "London", "protected": false, "default_profile": false, "is_translator": false}, "geo": null, "in_reply_to_user_id_str": "52327900", "possibly_sensitive": false, "lang": "en", "created_at": "Mon Dec 15 00:49:00 +0000 2014", "in_reply_to_status_id_str": "544291965513134080", "place": null, "extended_entities": {"media": [{"source_user_id": 52327900, "source_status_id_str": "544291965513134080", "expanded_url": "http://twitter.com/SharriMarkson/status/544291965513134080/photo/1", "display_url": "pic.twitter.com/LGpQ8zE5pb", "url": "http://t.co/LGpQ8zE5pb", "media_url_https": "https://pbs.twimg.com/media/B422qFZCcAA4EJE.jpg", "source_user_id_str": "52327900", "source_status_id": 544291965513134080, "id_str": "544291964099653632", "sizes": {"large": {"h": 327, "resize": "fit", "w": 440}, "small": {"h": 252, "resize": "fit", "w": 340}, "medium": {"h": 327, "resize": "fit", "w": 440}, "thumb": {"h": 150, "resize": "crop", "w": 150}}, "indices": [69, 91], "type": "photo", "id": 544291964099653632, "media_url": "http://pbs.twimg.com/media/B422qFZCcAA4EJE.jpg"}]}}
