{"contributors": null, "truncated": false, "text": "@pearlyfootball @SharriMarkson @australian put a bullet in the wankers head", "in_reply_to_status_id": 544292535565180928, "id": 544293730455269376, "favorite_count": 0, "source": "<a href=\"http://twitter.com\" rel=\"nofollow\">Twitter Web Client</a>", "retweeted": false, "coordinates": null, "entities": {"symbols": [], "user_mentions": [{"id": 2795274175, "indices": [0, 15], "id_str": "2795274175", "screen_name": "pearlyfootball", "name": "pearlyfootball"}, {"id": 52327900, "indices": [16, 30], "id_str": "52327900", "screen_name": "SharriMarkson", "name": "Sharri Markson"}, {"id": 9609632, "indices": [31, 42], "id_str": "9609632", "screen_name": "australian", "name": "The Australian"}], "hashtags": [], "urls": []}, "in_reply_to_screen_name": "pearlyfootball", "id_str": "544293730455269376", "retweet_count": 0, "in_reply_to_user_id": 2795274175, "favorited": false, "user": {"follow_request_sent": false, "profile_use_background_image": true, "profile_text_color": "333333", "default_profile_image": false, "id": 2341512036, "profile_background_image_url_https": "https://abs.twimg.com/images/themes/theme16/bg.gif", "verified": false, "profile_location": null, "profile_image_url_https": "https://pbs.twimg.com/profile_images/433910808322400256/S3ILUQwl_normal.png", "profile_sidebar_fill_color": "DDFFCC", "entities": {"url": {"urls": [{"url": "http://t.co/sIuGLq4mWT", "indices": [0, 22], "expanded_url": "http://www.greatbloke.com.au", "display_url": "greatbloke.com.au"}]}, "description": {"urls": []}}, "followers_count": 59, "profile_sidebar_border_color": "BDDCAD", "id_str": "2341512036", "profile_background_color": "9AE4E8", "listed_count": 0, "is_translation_enabled": false, "utc_offset": null, "statuses_count": 999, "description": "Gud spela, gudda even at gramma, red hot lover, pin up boy for ita Buttrose", "friends_count": 214, "location": "Brisbane ,Australia", "profile_link_color": "0084B4", "profile_image_url": "http://pbs.twimg.com/profile_images/433910808322400256/S3ILUQwl_normal.png", "following": false, "geo_enabled": true, "profile_banner_url": "https://pbs.twimg.com/profile_banners/2341512036/1398675364", "profile_background_image_url": "http://abs.twimg.com/images/themes/theme16/bg.gif", "name": "bodgie", "lang": "en", "profile_background_tile": false, "favourites_count": 663, "screen_name": "brisbanebodgie", "notifications": false, "url": "http://t.co/sIuGLq4mWT", "created_at": "Thu Feb 13 06:38:27 +0000 2014", "contributors_enabled": false, "time_zone": null, "protected": false, "default_profile": false, "is_translator": false}, "geo": null, "in_reply_to_user_id_str": "2795274175", "lang": "en", "created_at": "Mon Dec 15 00:51:52 +0000 2014", "in_reply_to_status_id_str": "544292535565180928", "place": null}
