{"contributors":null,"truncated":false,"text":"@pearlyfootball @SharriMarkson @australian there's 2 of them though","in_reply_to_status_id":544292535565180928,"id":544294686437814272,"favorite_count":0,"source":"<a href=\"http:\/\/twitter.com\/download\/iphone\" rel=\"nofollow\">Twitter for iPhone<\/a>","retweeted":false,"coordinates":null,"entities":{"symbols":[],"user_mentions":[{"id":2795274175,"indices":[0,15],"id_str":"2795274175","screen_name":"pearlyfootball","name":"pearlyfootball"},{"id":52327900,"indices":[16,30],"id_str":"52327900","screen_name":"SharriMarkson","name":"Sharri Markson"},{"id":9609632,"indices":[31,42],"id_str":"9609632","screen_name":"australian","name":"The Australian"}],"hashtags":[],"urls":[]},"in_reply_to_screen_name":"pearlyfootball","id_str":"544294686437814272","retweet_count":0,"in_reply_to_user_id":2795274175,"favorited":false,"user":{"follow_request_sent":false,"profile_use_background_image":true,"profile_text_color":"333333","default_profile_image":false,"id":188686723,"profile_background_image_url_https":"https:\/\/pbs.twimg.com\/profile_background_images\/351357834\/sslazio.jpg","verified":false,"profile_location":null,"profile_image_url_https":"https:\/\/pbs.twimg.com\/profile_images\/559200974292545538\/kHth_rbB_normal.jpeg","profile_sidebar_fill_color":"DDEEF6","entities":{"description":{"urls":[]}},"followers_count":345,"profile_sidebar_border_color":"C0DEED","id_str":"188686723","profile_background_color":"C0DEED","listed_count":4,"is_translation_enabled":false,"utc_offset":null,"statuses_count":18945,"description":"Lazio MVFC LA Angels Denver Nuggets Essendon FC","friends_count":508,"location":"Melbourne","profile_link_color":"0084B4","profile_image_url":"http:\/\/pbs.twimg.com\/profile_images\/559200974292545538\/kHth_rbB_normal.jpeg","following":false,"geo_enabled":false,"profile_banner_url":"https:\/\/pbs.twimg.com\/profile_banners\/188686723\/1379123460","profile_background_image_url":"http:\/\/pbs.twimg.com\/profile_background_images\/351357834\/sslazio.jpg","name":"Dave M","lang":"en","profile_background_tile":true,"favourites_count":1347,"screen_name":"jh_70","notifications":false,"url":null,"created_at":"Thu Sep 09 10:19:30 +0000 2010","contributors_enabled":false,"time_zone":null,"protected":false,"default_profile":false,"is_translator":false},"geo":null,"in_reply_to_user_id_str":"2795274175","lang":"en","created_at":"Mon Dec 15 00:55:40 +0000 2014","in_reply_to_status_id_str":"544292535565180928","place":null}