{"contributors": null, "truncated": false, "text": "@pearlyfootball exactly what i was thinking", "in_reply_to_status_id": 544292535565180928, "id": 544295313456902144, "favorite_count": 0, "source": "<a href=\"http://twitter.com/download/iphone\" rel=\"nofollow\">Twitter for iPhone</a>", "retweeted": false, "coordinates": null, "entities": {"symbols": [], "user_mentions": [{"id": 2795274175, "indices": [0, 15], "id_str": "2795274175", "screen_name": "pearlyfootball", "name": "pearlyfootball"}], "hashtags": [], "urls": []}, "in_reply_to_screen_name": "pearlyfootball", "id_str": "544295313456902144", "retweet_count": 0, "in_reply_to_user_id": 2795274175, "favorited": false, "user": {"follow_request_sent": false, "profile_use_background_image": true, "profile_text_color": "333333", "default_profile_image": false, "id": 45095119, "profile_background_image_url_https": "https://abs.twimg.com/images/themes/theme1/bg.png", "verified": false, "profile_location": null, "profile_image_url_https": "https://pbs.twimg.com/profile_images/444655040486055936/PmkSu6Jm_normal.jpeg", "profile_sidebar_fill_color": "DDEEF6", "entities": {"description": {"urls": []}}, "followers_count": 454, "profile_sidebar_border_color": "C0DEED", "id_str": "45095119", "profile_background_color": "C0DEED", "listed_count": 9, "is_translation_enabled": false, "utc_offset": 39600, "statuses_count": 57097, "description": "Sydney. Music. Sport. TV. Movies. Making the most out of life. Talking to strangers. Hand model. Bulldogs/Pearl Jam", "friends_count": 1174, "location": "Sydney", "profile_link_color": "0084B4", "profile_image_url": "http://pbs.twimg.com/profile_images/444655040486055936/PmkSu6Jm_normal.jpeg", "following": false, "geo_enabled": true, "profile_background_image_url": "http://abs.twimg.com/images/themes/theme1/bg.png", "name": "Mike M", "lang": "en", "profile_background_tile": false, "favourites_count": 1100, "screen_name": "michaeldarren79", "notifications": false, "url": null, "created_at": "Sat Jun 06 08:32:01 +0000 2009", "contributors_enabled": false, "time_zone": "Sydney", "protected": false, "default_profile": true, "is_translator": false}, "geo": null, "in_reply_to_user_id_str": "2795274175", "lang": "en", "created_at": "Mon Dec 15 00:58:09 +0000 2014", "in_reply_to_status_id_str": "544292535565180928", "place": null}
