{"contributors": null, "truncated": false, "text": ".@SharriMarkson Police have asked all on social media to desist publishing anything FHS", "in_reply_to_status_id": 544291965513134080, "id": 544292543723089920, "favorite_count": 4, "source": "<a href=\"http://twitter.com/#!/download/ipad\" rel=\"nofollow\">Twitter for iPad</a>", "retweeted": false, "coordinates": null, "entities": {"symbols": [], "user_mentions": [{"id": 52327900, "indices": [1, 15], "id_str": "52327900", "screen_name": "SharriMarkson", "name": "Sharri Markson"}], "hashtags": [], "urls": []}, "in_reply_to_screen_name": "SharriMarkson", "id_str": "544292543723089920", "retweet_count": 4, "in_reply_to_user_id": 52327900, "favorited": false, "user": {"follow_request_sent": false, "profile_use_background_image": true, "profile_text_color": "333333", "default_profile_image": false, "id": 1468323792, "profile_background_image_url_https": "https://abs.twimg.com/images/themes/theme1/bg.png", "verified": false, "profile_location": null, "profile_image_url_https": "https://pbs.twimg.com/profile_images/445784772871061504/orc2YnRS_normal.jpeg", "profile_sidebar_fill_color": "DDEEF6", "entities": {"description": {"urls": []}}, "followers_count": 1275, "profile_sidebar_border_color": "C0DEED", "id_str": "1468323792", "profile_background_color": "C0DEED", "listed_count": 13, "is_translation_enabled": false, "utc_offset": 36000, "statuses_count": 28077, "description": "Hate hypocrisy; appreciate honesty; passionate about social justice; sanity saved by sense of the absurd", "friends_count": 1515, "location": " Australia", "profile_link_color": "0084B4", "profile_image_url": "http://pbs.twimg.com/profile_images/445784772871061504/orc2YnRS_normal.jpeg", "following": false, "geo_enabled": false, "profile_banner_url": "https://pbs.twimg.com/profile_banners/1468323792/1395114682", "profile_background_image_url": "http://abs.twimg.com/images/themes/theme1/bg.png", "name": "TruthSeeker", "lang": "en", "profile_background_tile": false, "favourites_count": 19345, "screen_name": "VeritasEver", "notifications": false, "url": null, "created_at": "Wed May 29 22:01:00 +0000 2013", "contributors_enabled": false, "time_zone": "Brisbane", "protected": false, "default_profile": true, "is_translator": false}, "geo": null, "in_reply_to_user_id_str": "52327900", "lang": "en", "created_at": "Mon Dec 15 00:47:09 +0000 2014", "in_reply_to_status_id_str": "544291965513134080", "place": null}
