{"contributors": null, "truncated": false, "text": "@SharriMarkson looks like a little green man!", "in_reply_to_status_id": 544291965513134080, "id": 544293240669622272, "favorite_count": 0, "source": "<a href=\"http://twitter.com/download/iphone\" rel=\"nofollow\">Twitter for iPhone</a>", "retweeted": false, "coordinates": {"type": "Point", "coordinates": [151.17964175, -33.79668999]}, "entities": {"symbols": [], "user_mentions": [{"id": 52327900, "indices": [0, 14], "id_str": "52327900", "screen_name": "SharriMarkson", "name": "Sharri Markson"}], "hashtags": [], "urls": []}, "in_reply_to_screen_name": "SharriMarkson", "id_str": "544293240669622272", "retweet_count": 0, "in_reply_to_user_id": 52327900, "favorited": false, "user": {"follow_request_sent": false, "profile_use_background_image": true, "profile_text_color": "333333", "default_profile_image": false, "id": 2512481150, "profile_background_image_url_https": "https://abs.twimg.com/images/themes/theme1/bg.png", "verified": false, "profile_location": null, "profile_image_url_https": "https://pbs.twimg.com/profile_images/518607148666724353/GvnH05Qr_normal.jpeg", "profile_sidebar_fill_color": "DDEEF6", "entities": {"description": {"urls": []}}, "followers_count": 53, "profile_sidebar_border_color": "C0DEED", "id_str": "2512481150", "profile_background_color": "C0DEED", "listed_count": 0, "is_translation_enabled": false, "utc_offset": null, "statuses_count": 1583, "description": "architecture,structures,alternative music, streetart,renewables,sydneyfc,progressive politics,india pale ale (usually drinking when tweeting). often ironic.", "friends_count": 134, "location": "newtown til i die", "profile_link_color": "0084B4", "profile_image_url": "http://pbs.twimg.com/profile_images/518607148666724353/GvnH05Qr_normal.jpeg", "following": false, "geo_enabled": true, "profile_banner_url": "https://pbs.twimg.com/profile_banners/2512481150/1411978379", "profile_background_image_url": "http://abs.twimg.com/images/themes/theme1/bg.png", "name": "skin", "lang": "en", "profile_background_tile": false, "favourites_count": 979, "screen_name": "seymour1948", "notifications": false, "url": null, "created_at": "Wed May 21 12:37:09 +0000 2014", "contributors_enabled": false, "time_zone": null, "protected": false, "default_profile": true, "is_translator": false}, "geo": {"type": "Point", "coordinates": [-33.79668999, 151.17964175]}, "in_reply_to_user_id_str": "52327900", "lang": "en", "created_at": "Mon Dec 15 00:49:55 +0000 2014", "in_reply_to_status_id_str": "544291965513134080", "place": {"full_name": "Sydney, New South Wales", "url": "https://api.twitter.com/1.1/geo/id/0073b76548e5984f.json", "country": "Australia", "place_type": "city", "bounding_box": {"type": "Polygon", "coordinates": [[[150.520928608, -34.1183470085], [151.343020992, -34.1183470085], [151.343020992, -33.578140996], [150.520928608, -33.578140996]]]}, "contained_within": [], "country_code": "AU", "attributes": {}, "id": "0073b76548e5984f", "name": "Sydney"}}
