{"contributors": null, "truncated": false, "text": "@rodneycruise @noplaceforsheep @SharriMarkson It's called Dunning-Kruger effect. http://t.co/TahBvYvnl9", "in_reply_to_status_id": 544293930087366657, "id": 544295739644342272, "favorite_count": 1, "source": "<a href=\"http://twitter.com\" rel=\"nofollow\">Twitter Web Client</a>", "retweeted": false, "coordinates": null, "entities": {"symbols": [], "user_mentions": [{"id": 17358139, "indices": [0, 13], "id_str": "17358139", "screen_name": "rodneycruise", "name": "Rodney Chiang-Cruise"}, {"id": 233343317, "indices": [14, 30], "id_str": "233343317", "screen_name": "noplaceforsheep", "name": "Sheep for Baby Jesus"}, {"id": 52327900, "indices": [31, 45], "id_str": "52327900", "screen_name": "SharriMarkson", "name": "Sharri Markson"}], "hashtags": [], "urls": [{"url": "http://t.co/TahBvYvnl9", "indices": [81, 103], "expanded_url": "http://en.wikipedia.org/wiki/Dunning%E2%80%93Kruger_effect", "display_url": "en.wikipedia.org/wiki/Dunning%E\u2026"}]}, "in_reply_to_screen_name": "rodneycruise", "id_str": "544295739644342272", "retweet_count": 0, "in_reply_to_user_id": 17358139, "favorited": false, "user": {"follow_request_sent": false, "profile_use_background_image": true, "profile_text_color": "333333", "default_profile_image": false, "id": 837205453, "profile_background_image_url_https": "https://abs.twimg.com/images/themes/theme1/bg.png", "verified": false, "profile_location": null, "profile_image_url_https": "https://pbs.twimg.com/profile_images/462514941044355072/MHRCXq29_normal.jpeg", "profile_sidebar_fill_color": "DDEEF6", "entities": {"description": {"urls": []}}, "followers_count": 309, "profile_sidebar_border_color": "C0DEED", "id_str": "837205453", "profile_background_color": "C0DEED", "listed_count": 4, "is_translation_enabled": false, "utc_offset": 39600, "statuses_count": 8424, "description": "Knit,birdwatch,fish,read,cook.Love Wagner,Sinatra,Bach & curry.Gardening improving. 5 chn,4 grand", "friends_count": 737, "location": "Regional NSW", "profile_link_color": "0084B4", "profile_image_url": "http://pbs.twimg.com/profile_images/462514941044355072/MHRCXq29_normal.jpeg", "following": false, "geo_enabled": true, "profile_banner_url": "https://pbs.twimg.com/profile_banners/837205453/1399106847", "profile_background_image_url": "http://abs.twimg.com/images/themes/theme1/bg.png", "name": "Just Susan Merry", "lang": "en", "profile_background_tile": false, "favourites_count": 5016, "screen_name": "Susan39307640", "notifications": false, "url": null, "created_at": "Fri Sep 21 07:08:08 +0000 2012", "contributors_enabled": false, "time_zone": "Sydney", "protected": false, "default_profile": true, "is_translator": false}, "geo": null, "in_reply_to_user_id_str": "17358139", "possibly_sensitive": false, "lang": "en", "created_at": "Mon Dec 15 00:59:51 +0000 2014", "in_reply_to_status_id_str": "544293930087366657", "place": null}
