{"contributors": null, "truncated": false, "text": "@SharriMarkson @australian FFS, have you got a clue? There are people's lives at stake.", "in_reply_to_status_id": 544291965513134080, "id": 544292545690222592, "favorite_count": 4, "source": "<a href=\"http://twitter.com\" rel=\"nofollow\">Twitter Web Client</a>", "retweeted": false, "coordinates": null, "entities": {"symbols": [], "user_mentions": [{"id": 52327900, "indices": [0, 14], "id_str": "52327900", "screen_name": "SharriMarkson", "name": "Sharri Markson"}, {"id": 9609632, "indices": [15, 26], "id_str": "9609632", "screen_name": "australian", "name": "The Australian"}], "hashtags": [], "urls": []}, "in_reply_to_screen_name": "SharriMarkson", "id_str": "544292545690222592", "retweet_count": 0, "in_reply_to_user_id": 52327900, "favorited": false, "user": {"follow_request_sent": false, "profile_use_background_image": true, "profile_text_color": "333333", "default_profile_image": false, "id": 2917213538, "profile_background_image_url_https": "https://pbs.twimg.com/profile_background_images/540083194914021376/v0QBbPKM.jpeg", "verified": false, "profile_location": null, "profile_image_url_https": "https://pbs.twimg.com/profile_images/543727026767556608/Gn8aL6nD_normal.png", "profile_sidebar_fill_color": "DDEEF6", "entities": {"description": {"urls": []}}, "followers_count": 483, "profile_sidebar_border_color": "C0DEED", "id_str": "2917213538", "profile_background_color": "C0DEED", "listed_count": 6, "is_translation_enabled": false, "utc_offset": null, "statuses_count": 3643, "description": "Surviving Dark Ages in Aus through twitter. Compassion and empathy used to be real in Australia. Now politicians are co-opting our voices. RTs not endorsements.", "friends_count": 935, "location": "", "profile_link_color": "0084B4", "profile_image_url": "http://pbs.twimg.com/profile_images/543727026767556608/Gn8aL6nD_normal.png", "following": false, "geo_enabled": true, "profile_banner_url": "https://pbs.twimg.com/profile_banners/2917213538/1418523602", "profile_background_image_url": "http://pbs.twimg.com/profile_background_images/540083194914021376/v0QBbPKM.jpeg", "name": "MarquisTheHerald", "lang": "en", "profile_background_tile": true, "favourites_count": 895, "screen_name": "LaLadyMarquis1", "notifications": false, "url": null, "created_at": "Wed Dec 03 04:44:18 +0000 2014", "contributors_enabled": false, "time_zone": null, "protected": false, "default_profile": false, "is_translator": false}, "geo": null, "in_reply_to_user_id_str": "52327900", "lang": "en", "created_at": "Mon Dec 15 00:47:10 +0000 2014", "in_reply_to_status_id_str": "544291965513134080", "place": null}
