{"contributors":null,"truncated":false,"text":"@SharriMarkson @australian dad?","in_reply_to_status_id":544291965513134080,"id":544292863471677440,"favorite_count":1,"source":"<a href=\"http:\/\/twitter.com\/download\/iphone\" rel=\"nofollow\">Twitter for iPhone<\/a>","retweeted":false,"coordinates":null,"entities":{"symbols":[],"user_mentions":[{"id":52327900,"indices":[0,14],"id_str":"52327900","screen_name":"SharriMarkson","name":"Sharri Markson"},{"id":9609632,"indices":[15,26],"id_str":"9609632","screen_name":"australian","name":"The Australian"}],"hashtags":[],"urls":[]},"in_reply_to_screen_name":"SharriMarkson","id_str":"544292863471677440","retweet_count":0,"in_reply_to_user_id":52327900,"favorited":false,"user":{"follow_request_sent":false,"profile_use_background_image":true,"profile_text_color":"333333","default_profile_image":false,"id":1094386172,"profile_background_image_url_https":"https:\/\/pbs.twimg.com\/profile_background_images\/449508533642330112\/n34um0XK.jpeg","verified":false,"profile_location":null,"profile_image_url_https":"https:\/\/pbs.twimg.com\/profile_images\/573384053124026368\/ViZJjGAW_normal.jpeg","profile_sidebar_fill_color":"DDEEF6","entities":{"description":{"urls":[]}},"followers_count":316,"profile_sidebar_border_color":"FFFFFF","id_str":"1094386172","profile_background_color":"C0DEED","listed_count":4,"is_translation_enabled":false,"utc_offset":39600,"statuses_count":5104,"description":"Family man \/ Passion for art and design \/ Mad sports fan except curling and badminton \/ Human just like you \/ Northern Rivers NSW Australia","friends_count":600,"location":"","profile_link_color":"0084B4","profile_image_url":"http:\/\/pbs.twimg.com\/profile_images\/573384053124026368\/ViZJjGAW_normal.jpeg","following":false,"geo_enabled":false,"profile_banner_url":"https:\/\/pbs.twimg.com\/profile_banners\/1094386172\/1385015336","profile_background_image_url":"http:\/\/pbs.twimg.com\/profile_background_images\/449508533642330112\/n34um0XK.jpeg","name":"Hunter Wilson","lang":"en","profile_background_tile":false,"favourites_count":4571,"screen_name":"WilsoLive","notifications":false,"url":null,"created_at":"Wed Jan 16 07:02:30 +0000 2013","contributors_enabled":false,"time_zone":"New Caledonia","protected":false,"default_profile":false,"is_translator":false},"geo":null,"in_reply_to_user_id_str":"52327900","lang":"und","created_at":"Mon Dec 15 00:48:25 +0000 2014","in_reply_to_status_id_str":"544291965513134080","place":null}