{"contributors": null, "truncated": false, "text": "@SharriMarkson @Australian if you can have a photo of this bloke then just snipe him in the head. #GameOver", "in_reply_to_status_id": 544291965513134080, "id": 544292535565180928, "favorite_count": 2, "source": "<a href=\"http://twitter.com\" rel=\"nofollow\">Twitter Web Client</a>", "retweeted": false, "coordinates": null, "entities": {"symbols": [], "user_mentions": [{"id": 52327900, "indices": [0, 14], "id_str": "52327900", "screen_name": "SharriMarkson", "name": "Sharri Markson"}, {"id": 9609632, "indices": [15, 26], "id_str": "9609632", "screen_name": "australian", "name": "The Australian"}], "hashtags": [{"indices": [98, 107], "text": "GameOver"}], "urls": []}, "in_reply_to_screen_name": "SharriMarkson", "id_str": "544292535565180928", "retweet_count": 1, "in_reply_to_user_id": 52327900, "favorited": false, "user": {"follow_request_sent": false, "profile_use_background_image": false, "profile_text_color": "000000", "default_profile_image": false, "id": 2795274175, "profile_background_image_url_https": "https://pbs.twimg.com/profile_background_images/537397678301118464/6ZSNGmnX.jpeg", "verified": false, "profile_location": null, "profile_image_url_https": "https://pbs.twimg.com/profile_images/542092593006272513/s3F-LrvM_normal.jpeg", "profile_sidebar_fill_color": "000000", "entities": {"description": {"urls": []}}, "followers_count": 81, "profile_sidebar_border_color": "000000", "id_str": "2795274175", "profile_background_color": "1A1B1F", "listed_count": 4, "is_translation_enabled": false, "utc_offset": 28800, "statuses_count": 1781, "description": "Sport My Woman Food Playstation Fremantle Parramatta", "friends_count": 364, "location": "Perth WA", "profile_link_color": "FA743E", "profile_image_url": "http://pbs.twimg.com/profile_images/542092593006272513/s3F-LrvM_normal.jpeg", "following": false, "geo_enabled": true, "profile_banner_url": "https://pbs.twimg.com/profile_banners/2795274175/1416998962", "profile_background_image_url": "http://pbs.twimg.com/profile_background_images/537397678301118464/6ZSNGmnX.jpeg", "name": "pearlyfootball", "lang": "en", "profile_background_tile": false, "favourites_count": 763, "screen_name": "pearlyfootball", "notifications": false, "url": null, "created_at": "Sun Sep 07 03:32:09 +0000 2014", "contributors_enabled": false, "time_zone": "Perth", "protected": false, "default_profile": false, "is_translator": false}, "geo": null, "in_reply_to_user_id_str": "52327900", "lang": "en", "created_at": "Mon Dec 15 00:47:07 +0000 2014", "in_reply_to_status_id_str": "544291965513134080", "place": null}
