{"contributors":null,"truncated":false,"text":"@SharriMarkson  looks like a bikie","in_reply_to_status_id":544291965513134080,"id":544292117527289856,"favorite_count":0,"source":"<a href=\"http:\/\/twitter.com\/download\/iphone\" rel=\"nofollow\">Twitter for iPhone<\/a>","retweeted":false,"coordinates":null,"entities":{"symbols":[],"user_mentions":[{"id":52327900,"indices":[0,14],"id_str":"52327900","screen_name":"SharriMarkson","name":"Sharri Markson"}],"hashtags":[],"urls":[]},"in_reply_to_screen_name":"SharriMarkson","id_str":"544292117527289856","retweet_count":0,"in_reply_to_user_id":52327900,"favorited":false,"user":{"follow_request_sent":false,"profile_use_background_image":true,"profile_text_color":"333333","default_profile_image":false,"id":1569352436,"profile_background_image_url_https":"https:\/\/abs.twimg.com\/images\/themes\/theme1\/bg.png","verified":false,"profile_location":null,"profile_image_url_https":"https:\/\/pbs.twimg.com\/profile_images\/581742593450475520\/GZ_1oT1k_normal.jpg","profile_sidebar_fill_color":"DDEEF6","entities":{"description":{"urls":[]}},"followers_count":1038,"profile_sidebar_border_color":"C0DEED","id_str":"1569352436","profile_background_color":"C0DEED","listed_count":10,"is_translation_enabled":false,"utc_offset":null,"statuses_count":8233,"description":"lead  guitar and vocals for the bondi cigars the foreday riders and the shane pacey blues trio. centre left","friends_count":1797,"location":"sydney nsw","profile_link_color":"0084B4","profile_image_url":"http:\/\/pbs.twimg.com\/profile_images\/581742593450475520\/GZ_1oT1k_normal.jpg","following":false,"geo_enabled":true,"profile_background_image_url":"http:\/\/abs.twimg.com\/images\/themes\/theme1\/bg.png","name":"shane pacey","lang":"en","profile_background_tile":false,"favourites_count":2295,"screen_name":"PaceyShane","notifications":false,"url":null,"created_at":"Fri Jul 05 00:13:23 +0000 2013","contributors_enabled":false,"time_zone":null,"protected":false,"default_profile":true,"is_translator":false},"geo":null,"in_reply_to_user_id_str":"52327900","lang":"en","created_at":"Mon Dec 15 00:45:27 +0000 2014","in_reply_to_status_id_str":"544291965513134080","place":null}