{"contributors": null, "truncated": false, "text": "@SharriMarkson @australian", "in_reply_to_status_id": 544291965513134080, "id": 544294012262174720, "favorite_count": 0, "source": "<a href=\"http://twitter.com/#!/download/ipad\" rel=\"nofollow\">Twitter for iPad</a>", "retweeted": false, "coordinates": null, "entities": {"symbols": [], "user_mentions": [{"id": 52327900, "indices": [0, 14], "id_str": "52327900", "screen_name": "SharriMarkson", "name": "Sharri Markson"}, {"id": 9609632, "indices": [15, 26], "id_str": "9609632", "screen_name": "australian", "name": "The Australian"}], "hashtags": [], "urls": []}, "in_reply_to_screen_name": "SharriMarkson", "id_str": "544294012262174720", "retweet_count": 0, "in_reply_to_user_id": 52327900, "favorited": false, "user": {"follow_request_sent": false, "profile_use_background_image": true, "profile_text_color": "333333", "default_profile_image": false, "id": 750227323, "profile_background_image_url_https": "https://abs.twimg.com/images/themes/theme1/bg.png", "verified": false, "profile_location": null, "profile_image_url_https": "https://pbs.twimg.com/profile_images/378800000500703027/02ad2884604dded1eb853ad97d4d0ddc_normal.jpeg", "profile_sidebar_fill_color": "DDEEF6", "entities": {"description": {"urls": []}}, "followers_count": 32, "profile_sidebar_border_color": "C0DEED", "id_str": "750227323", "profile_background_color": "C0DEED", "listed_count": 0, "is_translation_enabled": false, "utc_offset": null, "statuses_count": 736, "description": "", "friends_count": 67, "location": "Adelaide", "profile_link_color": "0084B4", "profile_image_url": "http://pbs.twimg.com/profile_images/378800000500703027/02ad2884604dded1eb853ad97d4d0ddc_normal.jpeg", "following": false, "geo_enabled": false, "profile_banner_url": "https://pbs.twimg.com/profile_banners/750227323/1379998861", "profile_background_image_url": "http://abs.twimg.com/images/themes/theme1/bg.png", "name": "tom rozenbilds", "lang": "en", "profile_background_tile": false, "favourites_count": 184, "screen_name": "tomrozie", "notifications": false, "url": null, "created_at": "Fri Aug 10 23:10:56 +0000 2012", "contributors_enabled": false, "time_zone": null, "protected": false, "default_profile": true, "is_translator": false}, "geo": null, "in_reply_to_user_id_str": "52327900", "lang": "und", "created_at": "Mon Dec 15 00:52:59 +0000 2014", "in_reply_to_status_id_str": "544291965513134080", "place": null}
