{"contributors": null, "truncated": false, "text": "@rodneycruise @noplaceforsheep @SharriMarkson I'm not watching it, but it sounds as if it is being treated as sport.", "in_reply_to_status_id": 544293930087366657, "id": 544294284015329280, "favorite_count": 2, "source": "<a href=\"http://twitter.com\" rel=\"nofollow\">Twitter Web Client</a>", "retweeted": false, "coordinates": null, "entities": {"symbols": [], "user_mentions": [{"id": 17358139, "indices": [0, 13], "id_str": "17358139", "screen_name": "rodneycruise", "name": "Rodney Chiang-Cruise"}, {"id": 233343317, "indices": [14, 30], "id_str": "233343317", "screen_name": "noplaceforsheep", "name": "Very Shouty Sheep "}, {"id": 52327900, "indices": [31, 45], "id_str": "52327900", "screen_name": "SharriMarkson", "name": "Sharri Markson"}], "hashtags": [], "urls": []}, "in_reply_to_screen_name": "rodneycruise", "id_str": "544294284015329280", "retweet_count": 0, "in_reply_to_user_id": 17358139, "favorited": false, "user": {"follow_request_sent": false, "profile_use_background_image": true, "profile_text_color": "333333", "default_profile_image": false, "id": 1641441979, "profile_background_image_url_https": "https://abs.twimg.com/images/themes/theme18/bg.gif", "verified": false, "profile_location": null, "profile_image_url_https": "https://pbs.twimg.com/profile_images/378800000237124612/a8785b77231e91507980f050b2cbd41f_normal.jpeg", "profile_sidebar_fill_color": "F6F6F6", "entities": {"description": {"urls": []}}, "followers_count": 22, "profile_sidebar_border_color": "EEEEEE", "id_str": "1641441979", "profile_background_color": "ACDED6", "listed_count": 0, "is_translation_enabled": false, "utc_offset": 36000, "statuses_count": 1559, "description": "No particular claim to fame. Just wants the Abbott government to vanish, and quickly. Pharmacist.", "friends_count": 113, "location": "", "profile_link_color": "038543", "profile_image_url": "http://pbs.twimg.com/profile_images/378800000237124612/a8785b77231e91507980f050b2cbd41f_normal.jpeg", "following": false, "geo_enabled": false, "profile_banner_url": "https://pbs.twimg.com/profile_banners/1641441979/1375571689", "profile_background_image_url": "http://abs.twimg.com/images/themes/theme18/bg.gif", "name": "Peter the Bold", "lang": "en", "profile_background_tile": false, "favourites_count": 6, "screen_name": "pietro15945", "notifications": false, "url": null, "created_at": "Fri Aug 02 22:00:57 +0000 2013", "contributors_enabled": false, "time_zone": "Brisbane", "protected": false, "default_profile": false, "is_translator": false}, "geo": null, "in_reply_to_user_id_str": "17358139", "lang": "en", "created_at": "Mon Dec 15 00:54:04 +0000 2014", "in_reply_to_status_id_str": "544293930087366657", "place": null}
