{"contributors":null,"truncated":false,"text":"@SharriMarkson Yeah, Murdoch witch, shut up and watch the blinking lights. You're not a journo, so don't journalise.","in_reply_to_status_id":544291965513134080,"id":544294084295147520,"favorite_count":0,"source":"<a href=\"http:\/\/twitter.com\" rel=\"nofollow\">Twitter Web Client<\/a>","retweeted":false,"coordinates":null,"entities":{"symbols":[],"user_mentions":[{"id":52327900,"indices":[0,14],"id_str":"52327900","screen_name":"SharriMarkson","name":"Sharri Markson"}],"hashtags":[],"urls":[]},"in_reply_to_screen_name":"SharriMarkson","id_str":"544294084295147520","retweet_count":0,"in_reply_to_user_id":52327900,"favorited":false,"user":{"follow_request_sent":false,"profile_use_background_image":true,"profile_text_color":"333333","default_profile_image":false,"id":262040253,"profile_background_image_url_https":"https:\/\/abs.twimg.com\/images\/themes\/theme1\/bg.png","verified":false,"profile_location":null,"profile_image_url_https":"https:\/\/pbs.twimg.com\/profile_images\/560301727325253632\/M6p-Mk5j_normal.jpeg","profile_sidebar_fill_color":"DDEEF6","entities":{"description":{"urls":[]}},"followers_count":372,"profile_sidebar_border_color":"C0DEED","id_str":"262040253","profile_background_color":"C0DEED","listed_count":6,"is_translation_enabled":false,"utc_offset":39600,"statuses_count":7679,"description":"A simple man in an incestuous sea of self-important bloviating journalists and flatulent opinionists. Engineer, retired, self funded fool.","friends_count":525,"location":"Australia","profile_link_color":"0084B4","profile_image_url":"http:\/\/pbs.twimg.com\/profile_images\/560301727325253632\/M6p-Mk5j_normal.jpeg","following":false,"geo_enabled":false,"profile_background_image_url":"http:\/\/abs.twimg.com\/images\/themes\/theme1\/bg.png","name":"Sir Scap Rallion","lang":"en","profile_background_tile":false,"favourites_count":14,"screen_name":"scaprallion","notifications":false,"url":null,"created_at":"Mon Mar 07 06:28:01 +0000 2011","contributors_enabled":false,"time_zone":"Sydney","protected":false,"default_profile":true,"is_translator":false},"geo":null,"in_reply_to_user_id_str":"52327900","lang":"en","created_at":"Mon Dec 15 00:53:16 +0000 2014","in_reply_to_status_id_str":"544291965513134080","place":null}