{"contributors": null, "truncated": false, "text": "@SharriMarkson   You are a danger to the rest of society. Stop posting pics without any verification &amp; creating panic.", "in_reply_to_status_id": 544291965513134080, "id": 544293748377518080, "favorite_count": 2, "source": "<a href=\"http://twitter.com/#!/download/ipad\" rel=\"nofollow\">Twitter for iPad</a>", "retweeted": false, "coordinates": null, "entities": {"symbols": [], "user_mentions": [{"id": 52327900, "indices": [0, 14], "id_str": "52327900", "screen_name": "SharriMarkson", "name": "Sharri Markson"}], "hashtags": [], "urls": []}, "in_reply_to_screen_name": "SharriMarkson", "id_str": "544293748377518080", "retweet_count": 0, "in_reply_to_user_id": 52327900, "favorited": false, "user": {"follow_request_sent": false, "profile_use_background_image": true, "profile_text_color": "333333", "default_profile_image": false, "id": 551483643, "profile_background_image_url_https": "https://abs.twimg.com/images/themes/theme1/bg.png", "verified": false, "profile_location": null, "profile_image_url_https": "https://pbs.twimg.com/profile_images/517805452604616704/ps4Fqsn0_normal.jpeg", "profile_sidebar_fill_color": "DDEEF6", "entities": {"description": {"urls": []}}, "followers_count": 1914, "profile_sidebar_border_color": "C0DEED", "id_str": "551483643", "profile_background_color": "C0DEED", "listed_count": 20, "is_translation_enabled": false, "utc_offset": 36000, "statuses_count": 37516, "description": "Never doubt that a small group of thoughtful concerned citizens can change the world. Indeed it is the only thing that ever has. Margaret Mead", "friends_count": 2061, "location": "Frightbat cave", "profile_link_color": "0084B4", "profile_image_url": "http://pbs.twimg.com/profile_images/517805452604616704/ps4Fqsn0_normal.jpeg", "following": false, "geo_enabled": false, "profile_banner_url": "https://pbs.twimg.com/profile_banners/551483643/1376360346", "profile_background_image_url": "http://abs.twimg.com/images/themes/theme1/bg.png", "name": "Just a Dame", "lang": "en", "profile_background_tile": false, "favourites_count": 35652, "screen_name": "muso1947", "notifications": false, "url": null, "created_at": "Wed Apr 11 23:26:29 +0000 2012", "contributors_enabled": false, "time_zone": "Brisbane", "protected": false, "default_profile": true, "is_translator": false}, "geo": null, "in_reply_to_user_id_str": "52327900", "lang": "en", "created_at": "Mon Dec 15 00:51:56 +0000 2014", "in_reply_to_status_id_str": "544291965513134080", "place": null}
