{"contributors":null,"truncated":false,"text":"What is wrong with you @SharriMarkson?","in_reply_to_status_id":544291965513134080,"id":544292184476758016,"favorite_count":5,"source":"<a href=\"http:\/\/twitter.com\/download\/iphone\" rel=\"nofollow\">Twitter for iPhone<\/a>","retweeted":false,"coordinates":null,"entities":{"symbols":[],"user_mentions":[{"id":52327900,"indices":[23,37],"id_str":"52327900","screen_name":"SharriMarkson","name":"Sharri Markson"}],"hashtags":[],"urls":[]},"in_reply_to_screen_name":"SharriMarkson","id_str":"544292184476758016","retweet_count":0,"in_reply_to_user_id":52327900,"favorited":false,"user":{"follow_request_sent":false,"profile_use_background_image":true,"profile_text_color":"333333","default_profile_image":false,"id":26543707,"profile_background_image_url_https":"https:\/\/abs.twimg.com\/images\/themes\/theme1\/bg.png","verified":false,"profile_location":null,"profile_image_url_https":"https:\/\/pbs.twimg.com\/profile_images\/554611092538679296\/zRELPN2Y_normal.jpeg","profile_sidebar_fill_color":"DDEEF6","entities":{"url":{"urls":[{"url":"http:\/\/t.co\/Jqq37Mi0fN","indices":[0,22],"expanded_url":"http:\/\/terryaustralis.tumblr.com","display_url":"terryaustralis.tumblr.com"}]},"description":{"urls":[]}},"followers_count":894,"profile_sidebar_border_color":"C0DEED","id_str":"26543707","profile_background_color":"C0DEED","listed_count":24,"is_translation_enabled":false,"utc_offset":39600,"statuses_count":43432,"description":"Consumer of sports, culture, music, literature and politics. Regrets, I 'ave 'em.","friends_count":1971,"location":"Melbourne","profile_link_color":"0084B4","profile_image_url":"http:\/\/pbs.twimg.com\/profile_images\/554611092538679296\/zRELPN2Y_normal.jpeg","following":false,"geo_enabled":false,"profile_background_image_url":"http:\/\/abs.twimg.com\/images\/themes\/theme1\/bg.png","name":"Hans Gruber","lang":"en","profile_background_tile":false,"favourites_count":1370,"screen_name":"TerryAustralis","notifications":false,"url":"http:\/\/t.co\/Jqq37Mi0fN","created_at":"Wed Mar 25 17:29:08 +0000 2009","contributors_enabled":false,"time_zone":"Melbourne","protected":false,"default_profile":true,"is_translator":false},"geo":null,"in_reply_to_user_id_str":"52327900","lang":"en","created_at":"Mon Dec 15 00:45:43 +0000 2014","in_reply_to_status_id_str":"544291965513134080","place":null}