{"contributors": null, "truncated": false, "text": ".@SharriMarkson Your stupidity is beyond belief. Just stop if you are capable of that.", "in_reply_to_status_id": 544291965513134080, "id": 544292691928838144, "favorite_count": 5, "source": "<a href=\"http://twitter.com/download/iphone\" rel=\"nofollow\">Twitter for iPhone</a>", "retweeted": false, "coordinates": null, "entities": {"symbols": [], "user_mentions": [{"id": 52327900, "indices": [1, 15], "id_str": "52327900", "screen_name": "SharriMarkson", "name": "Sharri Markson"}], "hashtags": [], "urls": []}, "in_reply_to_screen_name": "SharriMarkson", "id_str": "544292691928838144", "retweet_count": 1, "in_reply_to_user_id": 52327900, "favorited": false, "user": {"follow_request_sent": false, "profile_use_background_image": true, "profile_text_color": "663B12", "default_profile_image": false, "id": 233343317, "profile_background_image_url_https": "https://abs.twimg.com/images/themes/theme2/bg.gif", "verified": false, "profile_location": null, "profile_image_url_https": "https://pbs.twimg.com/profile_images/1587153584/black_sheep_normal.jpg", "profile_sidebar_fill_color": "DAECF4", "entities": {"url": {"urls": [{"url": "http://t.co/nuXBRa9eLw", "indices": [0, 22], "expanded_url": "http://www.noplaceforsheep.wordpress.com", "display_url": "noplaceforsheep.wordpress.com"}]}, "description": {"urls": []}}, "followers_count": 3312, "profile_sidebar_border_color": "C6E2EE", "id_str": "233343317", "profile_background_color": "C6E2EE", "listed_count": 112, "is_translation_enabled": false, "utc_offset": 39600, "statuses_count": 40675, "description": "At No Place for Sheep we'll lambaste anybody! We have no favourites! Write for The Drum, On Line Opinion. Politics, society, arguments about porn. So sue me!", "friends_count": 1676, "location": "Australia", "profile_link_color": "1F98C7", "profile_image_url": "http://pbs.twimg.com/profile_images/1587153584/black_sheep_normal.jpg", "following": false, "geo_enabled": false, "profile_background_image_url": "http://abs.twimg.com/images/themes/theme2/bg.gif", "name": "Sheep for Baby Jesus", "lang": "en", "profile_background_tile": false, "favourites_count": 10418, "screen_name": "noplaceforsheep", "notifications": false, "url": "http://t.co/nuXBRa9eLw", "created_at": "Mon Jan 03 00:21:05 +0000 2011", "contributors_enabled": false, "time_zone": "Sydney", "protected": false, "default_profile": false, "is_translator": false}, "geo": null, "in_reply_to_user_id_str": "52327900", "lang": "en", "created_at": "Mon Dec 15 00:47:44 +0000 2014", "in_reply_to_status_id_str": "544291965513134080", "place": null}
