{"contributors": null, "truncated": false, "text": "@noplaceforsheep @SharriMarkson there is stupid and there is Markson's stupidity which is on another planet altogether", "in_reply_to_status_id": 544292691928838144, "id": 544297280845541376, "favorite_count": 5, "source": "<a href=\"http://twitter.com/download/android\" rel=\"nofollow\">Twitter for Android</a>", "retweeted": false, "coordinates": null, "entities": {"symbols": [], "user_mentions": [{"id": 233343317, "indices": [0, 16], "id_str": "233343317", "screen_name": "noplaceforsheep", "name": "Very Shouty Sheep "}, {"id": 52327900, "indices": [17, 31], "id_str": "52327900", "screen_name": "SharriMarkson", "name": "Sharri Markson"}], "hashtags": [], "urls": []}, "in_reply_to_screen_name": "noplaceforsheep", "id_str": "544297280845541376", "retweet_count": 5, "in_reply_to_user_id": 233343317, "favorited": false, "user": {"follow_request_sent": false, "profile_use_background_image": true, "profile_text_color": "333333", "default_profile_image": false, "id": 334639807, "profile_background_image_url_https": "https://abs.twimg.com/images/themes/theme1/bg.png", "verified": false, "profile_location": null, "profile_image_url_https": "https://pbs.twimg.com/profile_images/378800000389463466/2343beed47fa15fa1109d593c5f30aa0_normal.png", "profile_sidebar_fill_color": "DDEEF6", "entities": {"description": {"urls": []}}, "followers_count": 498, "profile_sidebar_border_color": "C0DEED", "id_str": "334639807", "profile_background_color": "C0DEED", "listed_count": 8, "is_translation_enabled": false, "utc_offset": null, "statuses_count": 5542, "description": "Giving it to idiot conservatives and the right since time in finitum. All opinions are just that...with a dose of sarcasm. Otherwise a dad of 2 beautiful kids.", "friends_count": 141, "location": "Australia", "profile_link_color": "0084B4", "profile_image_url": "http://pbs.twimg.com/profile_images/378800000389463466/2343beed47fa15fa1109d593c5f30aa0_normal.png", "following": false, "geo_enabled": false, "profile_background_image_url": "http://abs.twimg.com/images/themes/theme1/bg.png", "name": "ScottyFreak", "lang": "en", "profile_background_tile": false, "favourites_count": 6, "screen_name": "ScottyFreak", "notifications": false, "url": null, "created_at": "Wed Jul 13 12:39:49 +0000 2011", "contributors_enabled": false, "time_zone": null, "protected": false, "default_profile": true, "is_translator": false}, "geo": null, "in_reply_to_user_id_str": "233343317", "lang": "en", "created_at": "Mon Dec 15 01:05:58 +0000 2014", "in_reply_to_status_id_str": "544292691928838144", "place": null}
