{"contributors": null, "truncated": false, "text": "@sharrimarkson Stupid. Media learnt nothing from Boston.", "in_reply_to_status_id": 544291965513134080, "id": 544293179537625088, "favorite_count": 0, "source": "<a href=\"http://itunes.apple.com/us/app/twitter/id409789998?mt=12\" rel=\"nofollow\">Twitter for Mac</a>", "retweeted": false, "coordinates": null, "entities": {"symbols": [], "user_mentions": [{"id": 52327900, "indices": [0, 14], "id_str": "52327900", "screen_name": "SharriMarkson", "name": "Sharri Markson"}], "hashtags": [], "urls": []}, "in_reply_to_screen_name": "SharriMarkson", "id_str": "544293179537625088", "retweet_count": 0, "in_reply_to_user_id": 52327900, "favorited": false, "user": {"follow_request_sent": false, "profile_use_background_image": true, "profile_text_color": "666666", "default_profile_image": false, "id": 34072954, "profile_background_image_url_https": "https://pbs.twimg.com/profile_background_images/42667296/DSC08338.JPG", "verified": false, "profile_location": null, "profile_image_url_https": "https://pbs.twimg.com/profile_images/151450282/DSC00391_normal.JPG", "profile_sidebar_fill_color": "252429", "entities": {"url": {"urls": [{"url": "http://t.co/6l8nVnoRu5", "indices": [0, 22], "expanded_url": "http://marcbester.com", "display_url": "marcbester.com"}]}, "description": {"urls": []}}, "followers_count": 664, "profile_sidebar_border_color": "181A1E", "id_str": "34072954", "profile_background_color": "1A1B1F", "listed_count": 30, "is_translation_enabled": false, "utc_offset": 39600, "statuses_count": 10170, "description": "Nurse Manager, St John Tas director, photographer, traveller, foodie. Not in that order", "friends_count": 938, "location": "Tasmania, Australia", "profile_link_color": "2FC2EF", "profile_image_url": "http://pbs.twimg.com/profile_images/151450282/DSC00391_normal.JPG", "following": false, "geo_enabled": true, "profile_banner_url": "https://pbs.twimg.com/profile_banners/34072954/1370644666", "profile_background_image_url": "http://pbs.twimg.com/profile_background_images/42667296/DSC08338.JPG", "name": "Marc", "lang": "en", "profile_background_tile": true, "favourites_count": 39, "screen_name": "marcbester", "notifications": false, "url": "http://t.co/6l8nVnoRu5", "created_at": "Tue Apr 21 22:40:05 +0000 2009", "contributors_enabled": false, "time_zone": "Hobart", "protected": false, "default_profile": false, "is_translator": false}, "geo": null, "in_reply_to_user_id_str": "52327900", "lang": "en", "created_at": "Mon Dec 15 00:49:41 +0000 2014", "in_reply_to_status_id_str": "544291965513134080", "place": null}
