{"contributors":null,"truncated":false,"text":"@marcbester @SharriMarkson We learnt a lot from Boston nothing happened.","in_reply_to_status_id":544293179537625088,"id":544297640423587840,"favorite_count":0,"source":"<a href=\"http:\/\/twitter.com\" rel=\"nofollow\">Twitter Web Client<\/a>","retweeted":false,"coordinates":null,"entities":{"symbols":[],"user_mentions":[{"id":34072954,"indices":[0,11],"id_str":"34072954","screen_name":"marcbester","name":"Marc"},{"id":52327900,"indices":[12,26],"id_str":"52327900","screen_name":"SharriMarkson","name":"Sharri Markson"}],"hashtags":[],"urls":[]},"in_reply_to_screen_name":"marcbester","id_str":"544297640423587840","retweet_count":0,"in_reply_to_user_id":34072954,"favorited":false,"user":{"follow_request_sent":false,"profile_use_background_image":true,"profile_text_color":"333333","default_profile_image":false,"id":1476204271,"profile_background_image_url_https":"https:\/\/pbs.twimg.com\/profile_background_images\/378800000094102148\/6b8e78f928bbe4a97f3e86c1f4ce87b1.jpeg","verified":false,"profile_location":null,"profile_image_url_https":"https:\/\/pbs.twimg.com\/profile_images\/570588298432749568\/1Q1NVv7A_normal.jpeg","profile_sidebar_fill_color":"DDEEF6","entities":{"description":{"urls":[]}},"followers_count":850,"profile_sidebar_border_color":"FFFFFF","id_str":"1476204271","profile_background_color":"C0DEED","listed_count":23,"is_translation_enabled":false,"utc_offset":36000,"statuses_count":25838,"description":"Intolerant of those hiding behind any religion to carry out greed, oppression & genocide, beware ziofarters","friends_count":561,"location":"1934 Estonia G\/father & father","profile_link_color":"0084B4","profile_image_url":"http:\/\/pbs.twimg.com\/profile_images\/570588298432749568\/1Q1NVv7A_normal.jpeg","following":false,"geo_enabled":true,"profile_banner_url":"https:\/\/pbs.twimg.com\/profile_banners\/1476204271\/1381726653","profile_background_image_url":"http:\/\/pbs.twimg.com\/profile_background_images\/378800000094102148\/6b8e78f928bbe4a97f3e86c1f4ce87b1.jpeg","name":"Sir Crapalot","lang":"en","profile_background_tile":true,"favourites_count":1251,"screen_name":"ShitZone","notifications":false,"url":null,"created_at":"Sun Jun 02 02:27:32 +0000 2013","contributors_enabled":false,"time_zone":"Brisbane","protected":false,"default_profile":false,"is_translator":false},"geo":null,"in_reply_to_user_id_str":"34072954","lang":"en","created_at":"Mon Dec 15 01:07:24 +0000 2014","in_reply_to_status_id_str":"544293179537625088","place":null}