{"contributors": null, "truncated": false, "text": "@SharriMarkson Sure hope it's not just some dude and that you've not just pulled a Fairfax. Beginning to see why you were sent back to uni.", "in_reply_to_status_id": 544291965513134080, "id": 544293668513792000, "favorite_count": 0, "source": "<a href=\"http://twitter.com\" rel=\"nofollow\">Twitter Web Client</a>", "retweeted": false, "coordinates": null, "entities": {"symbols": [], "user_mentions": [{"id": 52327900, "indices": [0, 14], "id_str": "52327900", "screen_name": "SharriMarkson", "name": "Sharri Markson"}], "hashtags": [], "urls": []}, "in_reply_to_screen_name": "SharriMarkson", "id_str": "544293668513792000", "retweet_count": 0, "in_reply_to_user_id": 52327900, "favorited": false, "user": {"follow_request_sent": false, "profile_use_background_image": true, "profile_text_color": "333333", "default_profile_image": false, "id": 46375707, "profile_background_image_url_https": "https://abs.twimg.com/images/themes/theme1/bg.png", "verified": false, "profile_location": null, "profile_image_url_https": "https://pbs.twimg.com/profile_images/1706043115/smallhead_normal.jpg", "profile_sidebar_fill_color": "DDEEF6", "entities": {"url": {"urls": [{"url": "http://t.co/44Rv4JycU6", "indices": [0, 22], "expanded_url": "http://wgwau.com", "display_url": "wgwau.com"}]}, "description": {"urls": [{"url": "http://t.co/vNR8sbkcAc", "indices": [105, 127], "expanded_url": "http://www.wgwau.com", "display_url": "wgwau.com"}]}}, "followers_count": 501, "profile_sidebar_border_color": "C0DEED", "id_str": "46375707", "profile_background_color": "C0DEED", "listed_count": 24, "is_translation_enabled": false, "utc_offset": 39600, "statuses_count": 6252, "description": "Historian. MA Candidate. Activist. Writer. Street Medic w/@MelbSMC. Occupier of cities and universities. http://t.co/vNR8sbkcAc", "friends_count": 1192, "location": "", "profile_link_color": "0084B4", "profile_image_url": "http://pbs.twimg.com/profile_images/1706043115/smallhead_normal.jpg", "following": false, "geo_enabled": false, "profile_background_image_url": "http://abs.twimg.com/images/themes/theme1/bg.png", "name": "Wil Wallace", "lang": "en", "profile_background_tile": false, "favourites_count": 100, "screen_name": "wgwau", "notifications": false, "url": "http://t.co/44Rv4JycU6", "created_at": "Thu Jun 11 12:29:04 +0000 2009", "contributors_enabled": false, "time_zone": "Melbourne", "protected": false, "default_profile": true, "is_translator": false}, "geo": null, "in_reply_to_user_id_str": "52327900", "lang": "en", "created_at": "Mon Dec 15 00:51:37 +0000 2014", "in_reply_to_status_id_str": "544291965513134080", "place": null}
