{"contributors": null, "truncated": false, "text": "@CBCAlerts \n13 to 40 hostages?!? \ud83d\ude31\n#SydneySiege", "in_reply_to_status_id": 544306402731507712, "id": 544320468892020736, "favorite_count": 0, "source": "<a href=\"http://tapbots.com/tweetbot\" rel=\"nofollow\">Tweetbot for i\u039fS</a>", "retweeted": false, "coordinates": null, "entities": {"symbols": [], "user_mentions": [{"id": 19038934, "indices": [0, 10], "id_str": "19038934", "screen_name": "CBCAlerts", "name": "CBC News Alerts"}], "hashtags": [{"indices": [35, 47], "text": "SydneySiege"}], "urls": []}, "in_reply_to_screen_name": "CBCAlerts", "id_str": "544320468892020736", "retweet_count": 0, "in_reply_to_user_id": 19038934, "favorited": false, "user": {"follow_request_sent": false, "profile_use_background_image": false, "profile_text_color": "C00321", "default_profile_image": false, "id": 416210375, "profile_background_image_url_https": "https://pbs.twimg.com/profile_background_images/455797831224143872/R3n1vD0T.png", "verified": false, "profile_location": null, "profile_image_url_https": "https://pbs.twimg.com/profile_images/1899903928/Warrior_Angel_normal.jpg", "profile_sidebar_fill_color": "632704", "entities": {"description": {"urls": []}}, "followers_count": 234, "profile_sidebar_border_color": "471B01", "id_str": "416210375", "profile_background_color": "1E1419", "listed_count": 1, "is_translation_enabled": false, "utc_offset": -18000, "statuses_count": 8169, "description": "French Canadian girl, enjoying good health, loves science, litterature, the arts & music. Also, official coffee addict! \u2615\ufe0f", "friends_count": 461, "location": "Montreal, Canada", "profile_link_color": "FD6C05", "profile_image_url": "http://pbs.twimg.com/profile_images/1899903928/Warrior_Angel_normal.jpg", "following": false, "geo_enabled": false, "profile_banner_url": "https://pbs.twimg.com/profile_banners/416210375/1406428580", "profile_background_image_url": "http://pbs.twimg.com/profile_background_images/455797831224143872/R3n1vD0T.png", "name": "Caroline", "lang": "en", "profile_background_tile": true, "favourites_count": 283, "screen_name": "caroline_2td", "notifications": false, "url": null, "created_at": "Sat Nov 19 11:23:33 +0000 2011", "contributors_enabled": false, "time_zone": "Eastern Time (US & Canada)", "protected": false, "default_profile": false, "is_translator": false}, "geo": null, "in_reply_to_user_id_str": "19038934", "lang": "en", "created_at": "Mon Dec 15 02:38:07 +0000 2014", "in_reply_to_status_id_str": "544306402731507712", "place": null}
