{"contributors": null, "truncated": false, "text": "@CBCAlerts pray \ud83d\ude4f, usually it's help allot before everyone will go straight to haven.Flag is comon bulshit about Muhammad etc.", "in_reply_to_status_id": 544306402731507712, "id": 544313623448137729, "favorite_count": 0, "source": "<a href=\"http://www.twitter.com\" rel=\"nofollow\">Twitter for Windows Phone</a>", "retweeted": false, "coordinates": null, "entities": {"symbols": [], "user_mentions": [{"id": 19038934, "indices": [0, 10], "id_str": "19038934", "screen_name": "CBCAlerts", "name": "CBC News Alerts"}], "hashtags": [], "urls": []}, "in_reply_to_screen_name": "CBCAlerts", "id_str": "544313623448137729", "retweet_count": 0, "in_reply_to_user_id": 19038934, "favorited": false, "user": {"follow_request_sent": false, "profile_use_background_image": true, "profile_text_color": "333333", "default_profile_image": false, "id": 1005109987, "profile_background_image_url_https": "https://abs.twimg.com/images/themes/theme1/bg.png", "verified": false, "profile_location": null, "profile_image_url_https": "https://pbs.twimg.com/profile_images/497391856209387520/7HAIKVB9_normal.jpeg", "profile_sidebar_fill_color": "DDEEF6", "entities": {"url": {"urls": [{"url": "https://t.co/9yCPvdInYf", "indices": [0, 23], "expanded_url": "https://www.cia.gov/index.html", "display_url": "cia.gov/index.html"}]}, "description": {"urls": []}}, "followers_count": 9, "profile_sidebar_border_color": "C0DEED", "id_str": "1005109987", "profile_background_color": "C0DEED", "listed_count": 0, "is_translation_enabled": false, "utc_offset": -18000, "statuses_count": 1169, "description": "", "friends_count": 19, "location": "Earth", "profile_link_color": "0084B4", "profile_image_url": "http://pbs.twimg.com/profile_images/497391856209387520/7HAIKVB9_normal.jpeg", "following": false, "geo_enabled": false, "profile_banner_url": "https://pbs.twimg.com/profile_banners/1005109987/1407418267", "profile_background_image_url": "http://abs.twimg.com/images/themes/theme1/bg.png", "name": "Dweller", "lang": "en", "profile_background_tile": false, "favourites_count": 6, "screen_name": "Dweller15", "notifications": false, "url": "https://t.co/9yCPvdInYf", "created_at": "Tue Dec 11 23:16:44 +0000 2012", "contributors_enabled": false, "time_zone": "Eastern Time (US & Canada)", "protected": false, "default_profile": true, "is_translator": false}, "geo": null, "in_reply_to_user_id_str": "19038934", "lang": "en", "created_at": "Mon Dec 15 02:10:55 +0000 2014", "in_reply_to_status_id_str": "544306402731507712", "place": null}
