{"contributors": null, "truncated": false, "text": "@CBCAlerts  because they gives us idea to create jobs: starting from now everybody well be scaned before get in any coffee shop in CA :-)", "in_reply_to_status_id": 544306402731507712, "id": 544482722295844864, "favorite_count": 0, "source": "<a href=\"http://www.twitter.com\" rel=\"nofollow\">Twitter for BlackBerry</a>", "retweeted": false, "coordinates": null, "entities": {"symbols": [], "user_mentions": [{"id": 19038934, "indices": [0, 10], "id_str": "19038934", "screen_name": "CBCAlerts", "name": "CBC News Alerts"}], "hashtags": [], "urls": []}, "in_reply_to_screen_name": "CBCAlerts", "id_str": "544482722295844864", "retweet_count": 0, "in_reply_to_user_id": 19038934, "favorited": false, "user": {"follow_request_sent": false, "profile_use_background_image": true, "profile_text_color": "333333", "default_profile_image": false, "id": 952408764, "profile_background_image_url_https": "https://abs.twimg.com/images/themes/theme1/bg.png", "verified": false, "profile_location": null, "profile_image_url_https": "https://pbs.twimg.com/profile_images/3068956016/309240615e511fa7b632ac5d92057972_normal.jpeg", "profile_sidebar_fill_color": "DDEEF6", "entities": {"description": {"urls": []}}, "followers_count": 1, "profile_sidebar_border_color": "C0DEED", "id_str": "952408764", "profile_background_color": "C0DEED", "listed_count": 0, "is_translation_enabled": false, "utc_offset": null, "statuses_count": 155, "description": "StraTech", "friends_count": 8, "location": "YUL", "profile_link_color": "0084B4", "profile_image_url": "http://pbs.twimg.com/profile_images/3068956016/309240615e511fa7b632ac5d92057972_normal.jpeg", "following": false, "geo_enabled": false, "profile_background_image_url": "http://abs.twimg.com/images/themes/theme1/bg.png", "name": "Nabil", "lang": "en", "profile_background_tile": false, "favourites_count": 1, "screen_name": "b_nabile", "notifications": false, "url": null, "created_at": "Fri Nov 16 21:07:48 +0000 2012", "contributors_enabled": false, "time_zone": null, "protected": false, "default_profile": true, "is_translator": false}, "geo": null, "in_reply_to_user_id_str": "19038934", "lang": "en", "created_at": "Mon Dec 15 13:22:51 +0000 2014", "in_reply_to_status_id_str": "544306402731507712", "place": null}
